,category,num_qualifications,num_responsibilities,num_benefits,title,company_name,location
0,block chain,6.0,5.0,0.0,Ethereum Blockchain Developer (Remote),Ex Populus,Anywhere
1,block chain,10.0,9.0,2.0,Blockchain Engineer,21.co,"New York, NY"
2,block chain,3.0,6.0,0.0,Blockchain Course Instructor,Blockchain Institute of Technology,Anywhere
3,block chain,1.0,1.0,0.0,Python based - Blockchain developer to join existing blockchain...,Upwork,Anywhere
4,block chain,4.0,8.0,0.0,Blockchain DevOps Engineer (Remote),Telnyx,United States
5,block chain,8.0,1.0,1.0,Ethereum Developer Remote US (Blockchain-DeFi),Turnblock.io,Anywhere
6,block chain,8.0,5.0,4.0,Social Media Marketing (Blockchain/Crypto),Bitquery,Anywhere
7,block chain,5.0,5.0,9.0,Senior Software Engineer - Blockchain Network (100% Remote),Jobot,Anywhere
8,block chain,9.0,,0.0,Blockchain Developer,Atechstar,United States
9,block chain,2.0,6.0,0.0,DeFi Blockchain Co-Founder,Cryptops Exchange,Anywhere
0,natural language processing,7.0,2.0,1.0,Assistant Research Professor - Machine Learning and Natural...,Johns Hopkins University,"Baltimore, MD"
1,natural language processing,15.0,12.0,2.0,AI Machine Learning Intern,Leidos,Anywhere
2,natural language processing,,2.0,0.0,"Natural Language Processing and Data Analytics Manager (New York, NY)",CEDENT,"New York, NY"
3,natural language processing,11.0,19.0,13.0,Data Scientist - Natural Language Processing (remote),MultiPlan Inc.,Anywhere
4,natural language processing,4.0,6.0,0.0,Natural Language Processing Scientist,MetaMetrics Inc,United States
5,natural language processing,11.0,8.0,3.0,Senior Natural Language Processing Researcher,Leidos Inc,"Reston, VA"
6,natural language processing,5.0,6.0,3.0,Research Scientist in Biomedical Natural Language Processing and...,Oak Ridge National Laboratory,"Oak Ridge, TN"
7,natural language processing,7.0,7.0,0.0,Data Science Engineer - Natural Language Processing (NLP),Agolo,United States
8,natural language processing,2.0,2.0,0.0,Natural Language Processing (NLP) Engineer,Upwork,Anywhere
9,natural language processing,11.0,15.0,0.0,Natural language processing (NLP) / Artificial Intelligence (AI...,TalentBurst,"South San Francisco, CA"
0,big data and cloud computing,10.0,13.0,4.0,"Lead Software Engineer, Cloud and Big Data",JPMorgan Chase,"Wilmington, DE"
1,big data and cloud computing,19.0,13.0,0.0,Cloud Software Engineer,Base-2 Solutions,Maryland
2,big data and cloud computing,17.0,9.0,0.0,Big Data Cloud Architect,Tephra Inc.,"Edison, NJ"
3,big data and cloud computing,15.0,18.0,9.0,Big Data Architect,Triumph Tech,United States
4,big data and cloud computing,2.0,,1.0,John Deere (Cloud & Big Data Engineer)_2022.06,Full Stack Resources,"Moline, IL"
5,big data and cloud computing,10.0,1.0,10.0,"Cybersecurity - Cloud Software Engineer - Hadoop, Big Data","Erias Ventures, LLC","Annapolis Junction, MD"
6,big data and cloud computing,27.0,8.0,1.0,"248 Cloud Software Engineer 3 (Baltimore, MD)",ARSIEM Corporation,"Baltimore, MD"
7,big data and cloud computing,16.0,7.0,3.0,Cloud Design Engineer,Novetta,"Annapolis Junction, MD"
8,big data and cloud computing,22.0,6.0,8.0,IC12CSWE3 - Sr. Level Cloud Software Engineer - Cleared,NiSUS Technologies Corporation,"Annapolis Junction, MD"
9,big data and cloud computing,19.0,16.0,0.0,Cloud Software Engineer,Farfield Systems,"Annapolis Junction, MD"
0,data analyst,16.0,7.0,6.0,Data Analyst,Booz Allen Hamilton,"Alexandria, VA"
1,data analyst,14.0,18.0,0.0,Data Analyst,"Potomac Management Solutions, LLC","Washington, DC"
2,data analyst,7.0,17.0,0.0,Data Analyst II,INTECON,"Washington, DC"
3,data analyst,7.0,19.0,0.0,Data Analyst (Monitoring),General Dynamics Information Technology,"Washington, DC"
4,data analyst,12.0,9.0,0.0,Data Analyst,Gentis Solutions,"Washington, DC"
5,data analyst,10.0,17.0,0.0,DATA ANALYST Military,Tiber Creek Consulting,"Arlington, VA"
6,data analyst,10.0,8.0,0.0,Data Analyst I,"Cydecor, Inc","Washington, DC"
7,data analyst,11.0,5.0,2.0,Data Analyst,Leidos,"McLean, VA"
8,data analyst,6.0,10.0,0.0,Data Analyst/DBA,Dice,"Washington, DC"
9,data analyst,8.0,6.0,2.0,Data Analyst,Leidos,"Bethesda, MD"
0,machine learning,23.0,4.0,0.0,Principal AI/Machine Learning Engineer,Lockheed Martin,"Bethesda, MD"
1,machine learning,6.0,6.0,0.0,Machine Learning Data Scientist,Cyrad Solutions LLC,"Bethesda, MD"
2,machine learning,16.0,16.0,5.0,Engineering Manager - Data & Machine Learning Platform,Booking.com,"Washington, DC"
3,machine learning,14.0,5.0,0.0,Associate Research Director - Artificial Intelligence & Machine...,Two Six Technologies,"Arlington, VA"
4,machine learning,5.0,1.0,1.0,Principal Research Scientist - RF / Machine Learning,Peraton,"College Park, MD"
5,machine learning,5.0,17.0,5.0,"Manager, Machine Learning Engineering (People Leader) (Remote ...",Capital One,Anywhere
6,machine learning,9.0,6.0,7.0,Machine Learning Research Engineer - Federal,Scale AI,"Washington, DC"
7,machine learning,10.0,1.0,2.0,Machine Learning Architect (Senior Consultant) - Deloitte Center...,Deloitte,"Fort Meade, MD"
8,machine learning,2.0,,4.0,Machine Learning Graduate Research Intern,Comcast,"Washington, DC"
9,machine learning,7.0,,2.0,Federal - Machine Learning Engineer,Accenture Federal Services,"Arlington, VA"
0,machine learning,7.0,,2.0,Federal - Machine Learning Engineer,Accenture Federal Services,"Arlington, VA"
1,machine learning,14.0,9.0,0.0,Experienced Machine Learning Engineer,"Ellumen, Inc","Silver Spring, MD"
2,machine learning,13.0,4.0,3.0,"Cloud Machine Learning Operations Engineer, Senior - Now Hiring",Booz Allen Hamilton,"Alexandria, VA"
3,machine learning,5.0,16.0,4.0,Manager machine learning engineering,Capital One Financial Corporation,"McLean, VA"
4,machine learning,16.0,12.0,0.0,Data Scientist,Johns Hopkins Applied Physics Laboratory,"Laurel, MD"
5,machine learning,11.0,4.0,3.0,"Artificial Intelligence Machine Learning Analyst, Senior",Booz Allen Hamilton,"Arlington, VA"
6,machine learning,10.0,8.0,0.0,DARPA Autonomous System and Machine Learning Engineer Jobs,Amentum,"Arlington, VA"
7,machine learning,5.0,17.0,5.0,"Manager, Machine Learning Engineering (People Leader) (Remote ...",Capital One,"McLean, VA"
8,machine learning,10.0,4.0,11.0,Senior Machine Learning Engineer,Expedition Technology Inc.,"Herndon, VA"
9,machine learning,,,0.0,Machine Learning Infrastructure Engineer,Snap Inc.,Anywhere
0,data analyst,,,0.0,Data Analyst,Heartland Consulting,"Washington, DC"
1,data analyst,6.0,17.0,0.0,Tableau Data Analyst,"Latitude, Inc.","Washington, DC"
2,data analyst,19.0,16.0,2.0,Data Analyst (Hybrid Schedule) - Now Hiring,Howard Hughes Medical Institute (HHMI),"Chevy Chase, MD"
3,data analyst,9.0,19.0,0.0,Data Analyst (Monitoring) (Washington DC),General Dynamics Information Technology,"Falls Church, VA"
4,data analyst,7.0,,0.0,Sr. Data Analyst - Now Hiring,"Liberty Personnel Services, Inc","Bethesda, MD"
5,data analyst,5.0,16.0,2.0,Senior Technical Project Manager / Business Data Analyst - REMOTE,NTT DATA  Services,"Washington, DC"
6,data analyst,18.0,20.0,9.0,Lead Data Analyst,CAVA,"Washington, DC"
7,data analyst,12.0,5.0,2.0,Financial/Data Analyst,"Toffler Associates, Inc.","Arlington, VA"
8,data analyst,6.0,9.0,0.0,SAF/AQH - Data Analyst (Senior),Delta Solutions & Strategies,"Washington, DC"
9,data analyst,10.0,15.0,3.0,Data Analyst Epidemiologist Jobs,Cherokee Federal,"Silver Spring, MD"
0,big data and cloud computing,17.0,11.0,17.0,Cloud Software Engineer 3,"Avid Technology Professionals, LLC","Annapolis, MD"
1,big data and cloud computing,,5.0,2.0,"Customer Engineer, Data Analytics, Google Cloud",Google,United States  (+1 other)
2,big data and cloud computing,14.0,7.0,0.0,Cloud Software Engineer,BrainTrust Holdings,"Annapolis, MD"
3,big data and cloud computing,25.0,8.0,1.0,65 Cloud Design Engineer 2,ARSIEM,"Annapolis Junction, MD"
4,big data and cloud computing,6.0,13.0,1.0,Sr. Data & Analytics Solutions Architect - National Security,"Amazon Web Services, Inc.","Herndon, VA"
5,big data and cloud computing,1.0,1.0,0.0,Big Data Cloud Engineering - Intern,"Rakuten USA, Inc.",Anywhere
6,big data and cloud computing,20.0,9.0,0.0,Cloud Design Engineer Level 2,IntelliGenesis LLC,"Annapolis, MD"
7,big data and cloud computing,27.0,8.0,1.0,248 Cloud Software Engineer 3 - Security Clearance Required,Arsiem Corporation,"Annapolis Junction, MD"
8,big data and cloud computing,25.0,9.0,8.0,Cloud Design Engineer,Castaway Research,"Annapolis Junction, MD"
9,big data and cloud computing,10.0,8.0,10.0,"Enterprise -  Senior Cloud Software Engineer - NiFi, JavaScript, Node","Erias Ventures, LLC","Annapolis Junction, MD"
0,natural language processing,9.0,8.0,2.0,Senior Natural Language Processing Researcher,Leidos,"Arlington, VA"
1,natural language processing,14.0,8.0,8.0,Data Scientist - Natural Language Processing (REMOTE),Government Employees Insurance Company - GEICO,"Chevy Chase, MD"
2,natural language processing,10.0,,0.0,Natural Language Processing Expert (NLP) - Fort Meade Area,Morfologica,"Fort Meade, MD"
3,natural language processing,,,0.0,"Online R, NLP, Natural Language Processing teacher needed in...",TeacherOn,"Silver Spring, MD"
4,natural language processing,7.0,6.0,1.0,Staff Scientist 1 in Biomedical Natural Language Processing,National Library of Medicine,"Bethesda, MD"
5,natural language processing,1.0,,0.0,JAVA / Natural Language Processing (NLP) Developer - Intern,Neuro Systems,"Herndon, VA"
6,natural language processing,9.0,8.0,2.0,Senior Natural Language Processing Researcher,Leidos,"Herndon, VA"
7,natural language processing,8.0,3.0,0.0,Machine Learning Engineer/ Data Scientist- NLP 2023 Summer Intern...,Supportiv,"Washington, DC"
8,natural language processing,6.0,1.0,0.0,2023 Fall Applied Science Internship - Natural Language Processing...,"Amazon.com, Inc","Washington, DC"
9,natural language processing,,6.0,1.0,Senior Applied Scientist - Natural Language Processing (NLP / NLU),Amazon.com Services LLC,"Arlington, VA"
0,block chain,13.0,39.0,2.0,Blockchain & Digital Assets Senior Manager,Deloitte,"Arlington, VA"
1,block chain,27.0,3.0,1.0,Blockchain Technical Expert,Swift,"Manassas, VA"
2,block chain,15.0,7.0,4.0,Blockchain Architect *US Citizenship Required*,"CGI Group, Inc.","Fairfax, VA"
3,block chain,,,0.0,Developer Relations Manager at Flow Blockchain in Remote,Flow Blockchain,"Rockville, MD"
4,block chain,5.0,5.0,2.0,Senior/Staff Blockchain Engineer,Dapper Labs,"Reston, VA"
5,block chain,14.0,8.0,4.0,Blockchain SecOps Engineer (US Remote),Axelar,Anywhere
6,block chain,,7.0,1.0,Blockchain Specialist SA,"Amazon Web Services, Inc.","Herndon, VA"
7,block chain,13.0,39.0,2.0,Blockchain & Digital Assets Senior Manager,Deloitte,"Fort Meade, MD"
8,block chain,,,0.0,Blockchain Content Writer,Content Machine,Anywhere
9,block chain,8.0,5.0,4.0,Social Media Marketing (Blockchain/Crypto),Bitquery,Anywhere
0,reinforcement learning,1.0,,0.0,Post Doc Researcher - Machine Learning and Reinforcement Learning...,Microsoft,"New York, NY"
1,reinforcement learning,6.0,6.0,0.0,"Artificial Intelligence Research Scientist, Reinforcement Learning...",JPMC Candidate Experience page,"New York, NY"
2,reinforcement learning,9.0,2.0,5.0,"Machine Learning Lead, Creativity Apps",Apple,"New York, NY"
3,reinforcement learning,7.0,6.0,3.0,Senior Machine Learning Engineer - Ads (Remote),Quora,Anywhere
4,reinforcement learning,4.0,6.0,0.0,Research Scientist in Reinforcement Learning,InstaDeep Ltd,"Boston, MA"
5,reinforcement learning,5.0,5.0,8.0,"Research Scientist, Machine Learning",OpenAI,"San Francisco, CA"
6,reinforcement learning,,3.0,0.0,python or Matlab developer to help develop a deep reinforcement...,Upwork,Anywhere
7,reinforcement learning,9.0,6.0,0.0,Reinforcement Learning Researcher,STR,"Dayton, OH"
8,reinforcement learning,7.0,5.0,2.0,Staff Machine Learning Software Engineer - Behavior Planning,Aurora Innovation,"Seattle, WA"
9,reinforcement learning,15.0,2.0,0.0,"Research Scientist/Engineer L4/L5, Algorithm Engineering",Netflix,California  (+1 other)
0,neural networks,2.0,9.0,2.0,Python Engineer - Computer Vision / Neural Network,Braintrust,"San Francisco, CA"
1,neural networks,4.0,2.0,0.0,Adjunct - Neural Networks and Deep Learning - Cohort Traditional...,Grand Canyon University,"Phoenix, AZ"
2,neural networks,5.0,,5.0,Senior Software Engineer (Python / Deep Neural Networks),Jobot,Anywhere
3,neural networks,17.0,4.0,0.0,Senior Systems Software Engineer (DeepSparse Engine),Neural Magic,"Somerville, MA"
4,neural networks,21.0,14.0,0.0,Software Engineer - AI Machine Learning,Harsco Corporation,"West Columbia, SC"
5,neural networks,16.0,,5.0,Machine Learning Software Engineer,Owl Autonomous Imaging,New York
6,neural networks,10.0,7.0,7.0,"Machine Learning Engineer, Jr-Mid level, Design Deep Learning...",Riccione Resources,Anywhere
7,neural networks,,1.0,0.0,Implementing Recurrent Neural Networks,Upwork,Anywhere
8,neural networks,7.0,4.0,21.0,"Machine Learning Scientist, Autopilot AI",Tesla,"Palo Alto, CA"
9,neural networks,10.0,6.0,1.0,Sr. Algorithm Engineer - ML/NN Research expertise,Certified Employment Group,"Santa Clara, CA"
0,deep learning,6.0,6.0,0.0,Machine Learning Data Scientist,Cyrad Solutions LLC,"Bethesda, MD"
1,deep learning,9.0,6.0,7.0,Machine Learning Research Engineer - Federal,Scale AI,"Washington, DC"
2,deep learning,16.0,16.0,5.0,Engineering Manager - Data & Machine Learning Platform,Booking.com,"Washington, DC"
3,deep learning,23.0,4.0,0.0,Principal AI/Machine Learning Engineer,Lockheed Martin,"Bethesda, MD"
4,deep learning,11.0,8.0,1.0,Machine Learning Research Engineer - Security Clearance Required,Peraton,"Silver Spring, MD"
5,deep learning,1.0,4.0,1.0,"Specialist SA, Machine Learning/AI Services","Amazon Web Services, Inc.","Arlington, VA"
6,deep learning,8.0,1.0,1.0,Machine Learning Architect (Senior Consultant) | Businesses...,Deloitte,"Alexandria, VA"
7,deep learning,10.0,4.0,11.0,Senior Machine Learning Engineer,Expedition Technology Inc.,"Herndon, VA"
8,deep learning,10.0,1.0,2.0,Machine Learning Architect (Senior Consultant) - Deloitte Center...,Deloitte,"Fort Meade, MD"
9,deep learning,15.0,7.0,6.0,Machine Learning Engineer,Booz Allen Hamilton,"Suffolk, VA"
0,data scientist,13.0,4.0,0.0,Data Scientist - On-Site,"BU_IS, Raytheon Technologies","Herndon, VA"
1,data scientist,18.0,7.0,14.0,Junior Data Scientist,Gryphon Scientific,"Takoma Park, MD"
2,data scientist,15.0,2.0,16.0,"Data Scientist, Consultant",Guidehouse,"Wheaton-Glenmont, MD"
3,data scientist,16.0,11.0,4.0,Data Scientist Jobs,ManTech International,"Herndon, VA"
4,data scientist,9.0,4.0,9.0,Junior Data Scientist,ENS Solutions,"Washington, DC"
5,data scientist,2.0,9.0,0.0,Junior Data Scientist,cBEYONData,"Fort Belvoir, VA"
6,data scientist,11.0,4.0,4.0,Research Data Scientist,Booz Allen Hamilton,"Washington, DC"
7,data scientist,12.0,19.0,0.0,Data Scientist Team Lead (Remote),GovCIO,"Fairfax, VA"
8,data scientist,15.0,11.0,4.0,Data Scientist,General Dynamics Information Technology,"Reston, VA"
9,data scientist,5.0,13.0,5.0,"Data Scientist, Lead",Blend360,"Columbia, MD"
0,data scientist,11.0,4.0,4.0,Research Data Scientist,Booz Allen Hamilton,"Washington, DC"
1,data scientist,5.0,8.0,2.0,Cleared Data Scientist,ICF,"Arlington, VA"
2,data scientist,5.0,9.0,4.0,Jr. Data Scientist,SRI International,"Arlington, VA"
3,data scientist,7.0,5.0,1.0,Senior Program Analyst (Data Scientist) Jobs,Cogent Security Consulting,"Alexandria, VA"
4,data scientist,3.0,13.0,1.0,"Data Scientist for Aviation Analytics at SAIC in Washington, DC",SAIC,"Washington, DC"
5,data scientist,14.0,7.0,7.0,"Data Scientist, Mid with Security Clearance",ClearanceJobs,"Vienna, VA"
6,data scientist,10.0,5.0,0.0,Sr. Data Scientist,INDEX ANALYTICS LLC,"Baltimore, MD"
7,data scientist,12.0,12.0,7.0,Senior Data Scientist,Trident Systems Inc,"Fairfax, VA"
8,data scientist,17.0,8.0,4.0,Senior Data Scientist Jobs,ManTech International,"Sterling, VA"
9,data scientist,13.0,6.0,6.0,"Data Scientist, Mid - Now Hiring",Booz Allen Hamilton,"Fort Meade, MD"
0,deep learning,5.0,1.0,14.0,"Senior AI/ML Machine Learning Engineer, SPACE Jobs",Lockheed Martin,"Herndon, VA"
1,deep learning,5.0,7.0,10.0,Deep Learning Engineer,Trilogy Innovations Inc,"Bridgeport, WV"
2,deep learning,13.0,5.0,5.0,Machine Learning Engineer (Remote),Curai,California
3,deep learning,8.0,7.0,1.0,Machine Learning Engineer - Motion Planning (Remote),Motional,United States
4,deep learning,1.0,,0.0,Post Doc Researcher - Machine Learning and Reinforcement Learning...,Microsoft,"New York, NY"
5,deep learning,,,0.0,AI/Machine Learning Engineer,Workarise,Anywhere
6,deep learning,,,0.0,"Cloud Services Solutions Architect, AI and ML Stack",2100 NVIDIA USA,Anywhere
7,deep learning,,,0.0,Senior machine learning engineer needed for technical interview,Upwork,Anywhere
8,deep learning,10.0,9.0,3.0,"Senior AI/ML Ops Engineer, Deep Learning for Natural Language...",Covera Health,"New York, NY"
9,deep learning,7.0,6.0,1.0,"Software Engineer, Machine Learning - Generative AI",Facebook,"New York, NY"
0,neural networks,2.0,2.0,0.0,Need Consulting on Training a (DEEP) Neural Network and...,Upwork,Anywhere
1,neural networks,,,0.0,Masterarbeit zu physics-informed neural networks für die Auslegung...,Bosch Group LLC,"Ruston, LA"
2,neural networks,6.0,7.0,2.0,"Machine Learning Engineer, Graph Intelligence",Robinhood,"Menlo Park, CA"
3,neural networks,1.0,,0.0,Expert in Xgboost/ Random Forest/ Neural Network required for a...,Upwork,Anywhere
4,neural networks,9.0,,5.0,Deep Learning Engineer,Apple,"Cupertino, CA"
5,neural networks,2.0,,0.0,Building Artificial Neural Networks + Computational intelligence...,Upwork,Anywhere
6,neural networks,1.0,10.0,0.0,Python Engineer - Computer Vision / Neural Network (Remote),Keyo,Anywhere
7,neural networks,2.0,4.0,2.0,Deep Learning Expert Wanted,Upwork,Anywhere
8,neural networks,9.0,4.0,5.0,"AIML -Hardware Engineer, Neural Acceleration",Apple,"Seattle, WA"
9,neural networks,6.0,7.0,4.0,"ML Engineer, Deep Learning & NLP",Forethought,"San Francisco, CA"
0,reinforcement learning,15.0,2.0,0.0,"Research Scientist/Engineer L4/L5, Algorithm Engineering",Netflix,California  (+1 other)
1,reinforcement learning,4.0,6.0,0.0,Research Scientist in Reinforcement Learning,InstaDeep,Anywhere
2,reinforcement learning,10.0,19.0,1.0,Lead Machine Learning Architect,"1014 United States of America, Convatec","Lexington, MA  (+1 other)"
3,reinforcement learning,10.0,3.0,12.0,Machine Learning Scientist,Arena AI,"New York, NY"
4,reinforcement learning,15.0,16.0,0.0,Machine Learning Engineer,Unify Consulting,"Kirkland, WA"
5,reinforcement learning,11.0,3.0,8.0,Reinforcement Learning Software Engineer,MathWorks,"Marlborough, MA"
6,reinforcement learning,4.0,10.0,3.0,Machine Learning Data Engineer,Oak Ridge National Laboratory,"Oak Ridge, TN"
7,reinforcement learning,8.0,11.0,0.0,Senior AI Scientist - Machine Learning for Biologics Engineering,10001252 - AI Science Specialist,"Waltham, MA"
8,reinforcement learning,6.0,4.0,12.0,Software Engineer (Machine Learning),Anyscale,"San Francisco, CA"
9,reinforcement learning,8.0,5.0,0.0,AI Research Scientist- Reinforcement Learning and Multi-Agent...,jpmc/CX_1001,"New York, NY"
0,neural networks,9.0,8.0,1.0,Machine Learning Research Engineer,Peraton,"Silver Spring, MD"
1,neural networks,15.0,3.0,4.0,Physics-Informed Neural Networks Researcher,OriGen.AI,"New York, NY"
2,neural networks,,3.0,0.0,Expert on Graph Neural Networks applied to Social Media Analysis,Upwork,Anywhere
3,neural networks,2.0,9.0,2.0,Python Engineer - Computer Vision / Neural Network,Braintrust,Anywhere
4,neural networks,,,0.0,Neural Network Scientist [Temporary] (Independent Contractor),Wolfram,Anywhere
5,neural networks,,1.0,0.0,"ML Architecture design, neural networks and diagrams - Contract to...",Upwork,Anywhere
6,neural networks,5.0,,5.0,Senior Software Engineer (Python / Deep Neural Networks),Jobot,"New York, NY"
7,neural networks,10.0,6.0,1.0,Postdoctoral Machine Learning Systems Engineer,DATA FUSION & NEURAL NETWORKS,Anywhere
8,neural networks,3.0,2.0,0.0,Train a DEEP Neural Network (e.g. transformer) to back-engineer...,Upwork,Anywhere
9,neural networks,5.0,,5.0,Senior Software Engineer (Python / Deep Neural Networks),Jobot,"Atlanta, GA"
0,reinforcement learning,9.0,6.0,0.0,Reinforcement Learning Researcher (Washington DC),STR,"Washington, DC"
1,reinforcement learning,14.0,4.0,4.0,Machine Learning Engineer Jobs,Booz Allen Hamilton,"Bethesda, MD"
2,reinforcement learning,9.0,6.0,7.0,Machine Learning Research Engineer - Federal,Scale AI,"Washington, DC"
3,reinforcement learning,2.0,8.0,4.0,Machine Learning Graduate Research Intern,Comcast Corporation,"Washington, DC"
4,reinforcement learning,10.0,9.0,0.0,Machine Learning Researcher,STR,"Arlington, VA"
5,reinforcement learning,11.0,7.0,1.0,"Chief Scientist, Artificial Intelligence and Machine Learning Jobs",Lockheed Martin,"Arlington, VA"
6,reinforcement learning,6.0,6.0,0.0,Machine Learning Data Scientist,Cyrad Solutions LLC,"Bethesda, MD"
7,reinforcement learning,11.0,8.0,1.0,Machine Learning Research Engineer - Security Clearance Required,Peraton,"Silver Spring, MD"
8,reinforcement learning,1.0,2.0,0.0,Senior Machine Learning Engineer,Elajika Inc,"Alexandria, VA"
9,reinforcement learning,5.0,,5.0,Senior Machine Learning Engineer,Prescient Edge,"McLean, VA"
0,time series,11.0,12.0,0.0,Time Series Analyst,Planet Pharma,"South San Francisco, CA"
1,time series,,7.0,0.0,Business Analyst (Time Series Modeling),Upwork,Anywhere
2,time series,7.0,7.0,0.0,AI Engineer - Time Series & GAN Expert for Real Estate Prediction...,Upwork,Anywhere
3,time series,,1.0,1.0,"Data Scientist, AWS Forecasting, EC2 Core Platform",Amazon.com Services LLC,"Seattle, WA"
4,time series,,4.0,0.0,Simulate simple Mathematical model for nonlinear dynamical time...,Upwork,Anywhere
5,time series,6.0,7.0,0.0,Data Scientist,Shelf Engine,Anywhere
0,data scientist,12.0,13.0,0.0,Data Scientist,SOS International LLC,"Washington, DC"
1,data scientist,8.0,5.0,0.0,Data Scientist,Deloitte,"Washington, DC"
2,data scientist,12.0,6.0,6.0,"Data Scientist, Senior",Booz Allen Hamilton,"McLean, VA"
3,data scientist,3.0,5.0,0.0,Senior Data Scientist,Chenega Corporation,"Washington, DC"
4,data scientist,8.0,6.0,0.0,DATA SCIENTIST,USAJOBS,"Washington, DC"
5,data scientist,13.0,4.0,8.0,Data Scientist Lead Jobs,Booz Allen Hamilton,"Alexandria, VA"
6,data scientist,5.0,13.0,11.0,Lead Data Scientist (Washington DC),Cross Screen Media,"Alexandria, VA"
7,data scientist,,,0.0,"Sr. Data Scientist at Mathematica Policy Research in Washington, DC",Mathematica Policy Research,"Washington, DC"
8,data scientist,16.0,12.0,0.0,Data Scientist,Johns Hopkins Applied Physics Laboratory,"Laurel, MD"
9,data scientist,9.0,,0.0,Data Scientist,Diverse Lynx,"Arlington, VA"
0,deep learning,9.0,,7.0,Deep Learning Engineer,"Apple, Inc.","Cupertino, CA"
1,deep learning,8.0,2.0,2.0,Deep Learning Researcher,Topaz Labs,"Dallas, TX"
2,deep learning,5.0,5.0,8.0,"Research Scientist, Machine Learning",OpenAI,"San Francisco, CA"
3,deep learning,8.0,9.0,0.0,Machine Learning Engineer,Bronson Technical Search,"Chicago, IL"
4,deep learning,3.0,10.0,2.0,"Research Intern - Deep Learning, NLP, Computer Vision",OPPO US Research Center,"Seattle, WA"
5,deep learning,,5.0,4.0,"Senior AI Scientist, Perturbation Biology (Artificial...",Genentech,"South San Francisco, CA"
6,deep learning,12.0,2.0,0.0,AI Machine Learning Scientist,Indotronix International Corporation,"Chicago, IL"
7,deep learning,15.0,6.0,6.0,Site Reliability Engineer,Abnormal Security,Anywhere
8,deep learning,10.0,5.0,2.0,"Machine Learning Manager, Stories Ranking",Snap Inc.,Anywhere
9,deep learning,9.0,7.0,4.0,Deep Learning Compiler Engineer,Intel Corporation,"Honolulu, HI"
0,deep learning,15.0,11.0,5.0,Applied Machine Learning Engineer,LLNL,"Livermore, CA"
1,deep learning,15.0,6.0,6.0,Site Reliability Engineer,Abnormal Security,Anywhere
2,deep learning,10.0,5.0,2.0,"Machine Learning Manager, Stories Ranking",Snap Inc.,Anywhere
3,deep learning,9.0,7.0,4.0,Deep Learning Compiler Engineer,Intel Corporation,"Honolulu, HI"
4,deep learning,17.0,1.0,2.0,Senior AI/ML Engineer - Sequence Learning,GSK,"San Francisco, CA"
5,deep learning,5.0,7.0,10.0,Deep Learning Engineer,Trilogy Innovations Inc,Anywhere
6,deep learning,5.0,1.0,0.0,Deep Learning Engineer,Cyberjin,"San Francisco, CA"
7,deep learning,7.0,5.0,0.0,Sr / Staff Research Scientist- Deep Learning & Computer Vision.,Deeproute.ai,"Fremont, CA"
8,deep learning,9.0,8.0,6.0,Machine Learning Engineer,RIOS Intelligent Machines,"Menlo Park, CA"
9,deep learning,12.0,5.0,1.0,Machine Learning Engineer,Kitware,United States
0,data scientist,7.0,11.0,0.0,Data Scientist Jobs,Azimuth Corporation,"Springfield, VA"
1,data scientist,9.0,,0.0,Data Scientist,Diverse Lynx,"Arlington, VA"
2,data scientist,6.0,10.0,9.0,Data Scientist- Remote,General Dynamics Information Technology,"Fairfax, VA"
3,data scientist,11.0,,1.0,Cleared Data Scientist,BitRelish Corporation,"McLean, VA"
4,data scientist,,1.0,0.0,Supervisory Biologist (Computational...,Agricultural Research Service,"Beltsville, MD"
5,data scientist,11.0,4.0,4.0,Research Data Scientist,Booz Allen Hamilton,"Washington, DC"
6,data scientist,13.0,12.0,0.0,Lead Data Scientist,Hilton,"McLean, VA"
7,data scientist,9.0,9.0,2.0,Data Scientist (DIAP),Celestar Corporation,"Washington, DC"
8,data scientist,13.0,4.0,0.0,Data Scientist - On-Site,"BU_IS, Raytheon Technologies","Herndon, VA"
9,data scientist,18.0,7.0,14.0,Junior Data Scientist,Gryphon Scientific,"Takoma Park, MD"
0,reinforcement learning,,,0.0,"Senior Manager, Data Science - Reinforcement Learning (Remote)",The Home Depot,United States
1,reinforcement learning,8.0,4.0,0.0,Machine Learning Engineer: Deep Reinforcement Learning,Primordial Labs,Anywhere
2,reinforcement learning,12.0,14.0,1.0,Lead Reinforcement Learning Engineer,Samson Rose,Anywhere
3,reinforcement learning,11.0,20.0,13.0,Data Scientist II - Reinforcement Learning (remote),MultiPlan,Anywhere
4,reinforcement learning,,,0.0,Data Scientist II - Reinforcement Learning (remote),MultiPlan,United States
5,reinforcement learning,1.0,1.0,5.0,Research Intern - Reinforcement Learning MSRNYC,Microsoft Corporation,"New York, NY"
6,reinforcement learning,10.0,4.0,8.0,Reinforcement Learning Software Engineer,MathWorks,"Newton, MA"
7,reinforcement learning,,,0.0,Expert in Deep Reinforcement Learning needed,Upwork,Anywhere
8,reinforcement learning,6.0,8.0,5.0,Machine Learning Engineer (Remote),Generally Intelligent,Anywhere
9,reinforcement learning,,1.0,0.0,Need a Reinforcement Learning Model that optimises time spent in a...,Upwork,Anywhere
0,neural networks,7.0,10.0,7.0,Deep Learning Engineer,Matroid,"Palo Alto, CA"
1,neural networks,8.0,3.0,0.0,"Machine Learning Engineer – Neural Network Optimization, Autopilot AI",Tesla,"Palo Alto, CA"
2,neural networks,3.0,4.0,2.0,Software engineer (Machine Learning/Computer Vision/Neural...,Cadence Design Systems,"San Jose, CA"
3,neural networks,11.0,4.0,0.0,"Physical Therapist, Neural Network Research",UCLA Health Systems,"Los Angeles, CA"
4,neural networks,9.0,1.0,0.0,Neuromorphic AI Engineer,"Gen Nine, Inc.","Covington, KY"
5,neural networks,7.0,5.0,3.0,System-2 Deep Learning and Neural Reasoning Researcher,Qualcomm,"San Diego, CA"
6,neural networks,5.0,,0.0,Deep learning/Machine Learning developers,Netra,"Boston, MA"
7,neural networks,14.0,7.0,3.0,PhD position in Deep Neural Networks with Dempster Shafer Theory,Université d'Artois / LGI2A,"Bethune, SC"
8,neural networks,2.0,9.0,2.0,Python Engineer - Computer Vision / Neural Network,Braintrust,"San Francisco, CA"
9,neural networks,4.0,2.0,0.0,Adjunct - Neural Networks and Deep Learning - Cohort Traditional...,Grand Canyon University,"Phoenix, AZ"
0,natural language processing,6.0,1.0,4.0,Research Associate  in Natural Language Processing - Now Hiring,SRI International,"Menlo Park, CA"
1,natural language processing,8.0,3.0,0.0,Machine Learning Engineer/ Data Scientist- NLP 2023 Summer Intern...,Supportiv,"Columbus, OH"
2,natural language processing,,,0.0,"Senior Software Engineer, Natural Language Processing / NLP",Recruiting from Scratch,"Chicago, IL"
3,natural language processing,4.0,2.0,4.0,Post-Doc Researcher for Natural Language Processing,Robert Bosch,"Sunnyvale, CA"
4,natural language processing,5.0,4.0,0.0,Spanish Natural Language Processing Dialog Engineer,IBM Corporation,"Sacramento, CA"
5,natural language processing,11.0,18.0,3.0,Natural language processing (NLP) / Artificial Intelligence (AI...,Innova Solutions,Anywhere
6,natural language processing,15.0,7.0,10.0,Data Scientist (NLP - Natural Language Processing),Authenticx,Anywhere
7,natural language processing,1.0,20.0,0.0,Data Scientist - Natural Language Processing (remote),Multiplan,"Atlanta, GA"
8,natural language processing,2.0,2.0,0.0,Natural Language Processing (NLP) Engineer,Upwork,Anywhere
9,natural language processing,4.0,8.0,0.0,Natural Language Processing Engineer (PhD),Fusemachines,"Madrid, AL"
0,block chain,10.0,9.0,2.0,Blockchain Engineer,Amun Tokens,"New York, NY"
1,block chain,1.0,5.0,1.0,"Senior Principal, Product Manager (Technical, Blockchain/Digital...",BNY Mellon,"Pittsburgh, PA"
2,block chain,9.0,12.0,11.0,Blockchain Engineer,Jump Crypto,"Chicago, IL"
3,block chain,9.0,4.0,0.0,Full Stack Blockchain Engineer,Snickerdoodle Labs,"San Jose, CA"
4,block chain,7.0,1.0,4.0,Blockchain Analyst,Allium,"New York, NY"
5,block chain,10.0,8.0,3.0,Senior Blockchain Research Analyst,Analog,"San Francisco, CA"
6,block chain,12.0,4.0,0.0,"Go Engineer, Blockchain, US Remote",Fintech Recruiters,Anywhere
7,block chain,4.0,3.0,0.0,Software Engineer - Blockchain Security,ZetaChain,Anywhere
8,block chain,6.0,4.0,0.0,Blockchain Developer for NFT Website Development,Upwork,Anywhere
9,block chain,8.0,10.0,8.0,Senior Software Engineer,Provenance Blockchain Foundation,Anywhere
0,machine learning,13.0,5.0,5.0,Machine Learning Engineer (Remote),Curai,California
1,machine learning,10.0,8.0,0.0,DARPA Autonomous System and Machine Learning Engineer Jobs,Amentum,"Arlington, VA"
2,machine learning,13.0,9.0,10.0,Lead Machine Learning Engineer,Tala,Anywhere
3,machine learning,6.0,4.0,7.0,Machine Learning Engineer (Remote),Meetup,Anywhere
4,machine learning,,,0.0,Senior machine learning engineer needed for technical interview,Upwork,Anywhere
5,machine learning,11.0,5.0,6.0,Machine Learning / Data Scientist,Docugami,"Kirkland, WA"
6,machine learning,11.0,15.0,5.0,ML Infrastructure Engineer - SPG,Apple,"Cupertino, CA"
7,machine learning,9.0,6.0,3.0,Machine Learning Infrastructure Engineer,Warner Bros. Discovery,"Culver City, CA"
8,machine learning,9.0,,7.0,Senior Machine Learning Engineer- Pricing Strategy  ( 100% Remote),Hopper,"Boston, MA"
9,machine learning,12.0,,1.0,Artificial Intelligence Machine Learning (AI/ML) Specialist at...,L3Harris,"Cincinnati, OH"
0,data analyst,,,0.0,Financial Data Analyst,Lafayette Federal Credit Union,"Rockville, MD"
1,data analyst,6.0,9.0,0.0,SAF/AQH - Data Analyst (Senior),Delta Solutions & Strategies,"Washington, DC"
2,data analyst,6.0,16.0,4.0,Principal Data Analyst - Clinical Decision Support - Optum Health...,The Lancet,"Washington, DC"
3,data analyst,9.0,10.0,2.0,Data Analyst,Novetta,"Springfield, VA"
4,data analyst,9.0,8.0,0.0,Data Analyst,Cinteot,"Beltsville, MD"
5,data analyst,7.0,,0.0,Sr. Data Analyst - Now Hiring,"Liberty Personnel Services, Inc","Bethesda, MD"
6,data analyst,15.0,4.0,0.0,Data Analyst,Apex Systems,"Alexandria, VA"
7,data analyst,19.0,24.0,0.0,Data Analyst-4139,Bering Straits Native Corporation (BSNC),"Washington, DC"
8,data analyst,6.0,10.0,0.0,Data Analyst/DBA,"International Logic Systems, Inc.","Fairfax, VA"
9,data analyst,10.0,15.0,3.0,Data Analyst Epidemiologist Jobs,Cherokee Federal,"Silver Spring, MD"
0,big data and cloud computing,14.0,11.0,2.0,Cloud Software Engineer -TS/SCI with Poly,CACI,"Fort Meade, MD"
1,big data and cloud computing,24.0,7.0,0.0,Cloud Software Engineer Jobs,ManTech International,"Hanover, MD"
2,big data and cloud computing,11.0,8.0,0.0,Cloud Software Engineer HYBRID,Limitless Talent Solutions,"Catonsville, MD"
3,big data and cloud computing,19.0,5.0,0.0,"Cloud Software Engineer Level 3 (Baltimore, MD)",IntelliGenesis LLC,"Columbia, MD"
4,big data and cloud computing,3.0,3.0,2.0,Cloud Software Engineer 2 - Security Clearance Required,Raytheon Technologies,"Annapolis, MD"
5,big data and cloud computing,,5.0,2.0,"Customer Engineer, Data Analytics, Google Cloud",Google,Ohio  (+1 other)
6,big data and cloud computing,18.0,13.0,1.0,Cloud Design Engineer (TS/SCI + Poly) - Security Clearance Required,The DarkStar Group,"Annapolis Junction, MD"
7,big data and cloud computing,7.0,1.0,1.0,Sr Big Data Consultant - Nationwide opportunities,"Amazon Web Services, Inc.","Herndon, VA"
8,big data and cloud computing,6.0,,0.0,Informatica - MDM Developer (Big Data),360 IT Professionals,"Baltimore, MD"
9,big data and cloud computing,19.0,13.0,0.0,Cloud Software Engineer,Base-2 Solutions,"Annapolis, MD"
0,big data and cloud computing,4.0,8.0,0.0,"Cloud Consultant, Big Data and Analytics, Google Cloud",Google,"Reston, VA"
1,big data and cloud computing,15.0,11.0,0.0,Big Data Architect,Johnson Technology Systems Inc.,"Washington, DC"
2,big data and cloud computing,16.0,7.0,0.0,Data Architect,Applied Information Sciences,"Reston, VA"
3,big data and cloud computing,25.0,24.0,0.0,Senior Cloud Solutions Architect Secret Clearance,inforeliance,"Washington, DC"
4,big data and cloud computing,12.0,8.0,0.0,Cloud Software Engineer,WayUp,"Washington, DC"
5,big data and cloud computing,15.0,8.0,7.0,"Data Cloud Engineer, Senior",Booz Allen Hamilton,"Chantilly, VA"
6,big data and cloud computing,26.0,8.0,1.0,390 Cloud Software Engineer 2,ARSIEM,"Laurel, MD"
7,big data and cloud computing,11.0,8.0,1.0,Cloud Software Engineer (Hybrid),PerunHR,"Catonsville, MD"
8,big data and cloud computing,4.0,15.0,0.0,Cloud Design Engineer 2 - Security Clearance Required,Raytheon Technologies,"Annapolis, MD"
9,big data and cloud computing,24.0,7.0,0.0,Cloud Software Engineer Jobs,ManTech International,"Hanover, MD"
0,data analyst,6.0,18.0,1.0,Data Analyst Manager,Capital One,"McLean, VA"
1,data analyst,8.0,4.0,8.0,Data Analyst,Genesis10,"McLean, VA"
2,data analyst,6.0,9.0,0.0,Navy Database Analyst,Serco North America,Anywhere
3,data analyst,17.0,11.0,6.0,Cerner EHR Data Analyst - Remote,General Dynamics Information Technology,"Fairfax, VA"
4,data analyst,10.0,10.0,0.0,Data Analyst (2-5 years experience),Datalab USA,"Germantown, MD"
5,data analyst,13.0,14.0,0.0,"Analyst, Financial Planning & Analysis",Beacon Building Products,"Herndon, VA"
6,data analyst,14.0,12.0,0.0,Data Analyst - TS/SCI Required - Security Clearance Required,LMI,"Washington, DC"
7,data analyst,18.0,13.0,0.0,Data Analyst,"ASHLIN Management Group, Inc.","Bowie, MD"
8,data analyst,16.0,21.0,0.0,Data Analyst,K12 Inc,"Herndon, VA"
9,data analyst,6.0,10.0,0.0,Data Analyst/DBA,Dice,"Washington, DC"
0,machine learning,,5.0,0.0,Reinforcement Learning Developer for Stock Trading Model...,Upwork,Anywhere
1,machine learning,10.0,3.0,4.0,Machine Learning Engineer,Simplebet,"New York, NY"
2,machine learning,15.0,11.0,5.0,Applied Machine Learning Engineer,LLNL,"Livermore, CA"
3,machine learning,6.0,2.0,6.0,Staff Machine Learning Engineer (Remote),Iterative Health,Anywhere
4,machine learning,11.0,9.0,7.0,Sr. Machine Learning Engineer - Generative Modeling (Remote),Fable,Anywhere
5,machine learning,7.0,11.0,7.0,"Lead Software Engineer, Machine Learning Platform",Chime,"San Francisco, CA"
6,machine learning,,5.0,4.0,"Senior AI Scientist, Perturbation Biology (Artificial...",Genentech,"South San Francisco, CA"
7,machine learning,11.0,15.0,5.0,ML Infrastructure Engineer - SPG,Apple,"Cupertino, CA"
8,machine learning,8.0,5.0,4.0,"Machine Learning Manager, Stories Ranking (Seattle, WA)",Snap Inc.,"Seattle, WA"
9,machine learning,12.0,7.0,6.0,"Data Science Tech Lead, Machine Learning",DoorDash,"San Francisco, CA"
0,block chain,6.0,12.0,0.0,Blockchain Engineer,Protochain Research,"New York, NY"
1,block chain,1.0,5.0,1.0,"Senior Principal, Product Manager (Technical, Blockchain/Digital...",BNY Mellon,"New York, NY"
2,block chain,2.0,,0.0,Research Engineer | Blockchain Consensus,DoraHacks,"Seattle, WA"
3,block chain,8.0,7.0,0.0,Backend Blockchain Developer - Staked,Kraken Digital Asset Exchange,Anywhere
4,block chain,3.0,6.0,9.0,"Software Engineer, Blockchain Core (Remote)",Aptos,Anywhere
5,block chain,13.0,39.0,2.0,Blockchain & Digital Assets Senior Manager,Deloitte,"Baltimore, MD"
6,block chain,,,0.0,Blockchain Developer,DCryptoTools,Anywhere
7,block chain,10.0,8.0,3.0,Senior Blockchain Research Analyst,Analog,"San Francisco, CA"
8,block chain,9.0,4.0,1.0,"Principal Software Engineer, Wallet Blockchain",Fidelity Investments Careers,"Durham, NC"
9,block chain,9.0,4.0,0.0,Full Stack Blockchain Engineer,Snickerdoodle Labs,"San Jose, CA"
0,natural language processing,5.0,8.0,0.0,Natural Language Processing Engineer​/PhD,FuseMachines,"Montreal, MO"
1,natural language processing,6.0,5.0,10.0,Senior Natural Language Processing (NLP) Engineer,Turing Talent,"New York, NY"
2,natural language processing,,2.0,0.0,"Natural Language Processing and Data Analytics Manager (New York, NY)",CEDENT,"New York, NY"
3,natural language processing,17.0,5.0,11.0,"Natural Language Processing Engineer, AI Lab",NANOTRONICS IMAGING INC,"Brooklyn, NY"
4,natural language processing,1.0,,0.0,Natural language processing expert - Contract to Hire,Upwork,Anywhere
5,natural language processing,6.0,7.0,2.0,Machine Learning Research Scientist - Natural Language Processing,Toyota Research Institute,"Los Altos, CA"
6,natural language processing,6.0,2.0,5.0,Senior Natural Language Processing Researcher,Tencent Americas,"Seattle, WA"
7,natural language processing,10.0,9.0,3.0,"Senior AI/ML Ops Engineer, Deep Learning for Natural Language...",Covera Health,"New York, NY"
8,natural language processing,11.0,12.0,7.0,Data Scientist - Natural Language Processing (NLP),Federal Reserve Bank (FRB),"Dallas, TX"
9,natural language processing,6.0,1.0,4.0,Research Associate  in Natural Language Processing - Now Hiring,SRI International,"Menlo Park, CA"
0,block chain,12.0,20.0,5.0,Senior Blockchain Software Engineer,Truist,Anywhere
1,block chain,,,0.0,Get twitter accounts that are tied to blockchain addresses - will...,Upwork,Anywhere
2,block chain,7.0,1.0,4.0,Blockchain Analyst,Allium,"New York, NY"
3,block chain,10.0,1.0,2.0,Full Stack Blockchain Engineer,geojam,"Los Angeles, CA"
4,block chain,,,0.0,Blockchain Engineer - Apps Platform at Exodus in Remote,Exodus,"Livermore, CA"
5,block chain,31.0,19.0,9.0,Blockchain Data Analytics: Tech Lead - Assistant Director 1,EY,"New York, NY"
6,block chain,3.0,5.0,0.0,STI25526 Technical Architect Block Chain,Software Technology Inc.,"Irving, TX"
7,block chain,6.0,5.0,0.0,Ethereum Blockchain Developer (Remote),Ex Populus,Anywhere
8,block chain,12.0,37.0,2.0,Blockchain & Digital Assets Manager,Deloitte,"Mechanicsburg, PA"
9,block chain,6.0,12.0,0.0,Blockchain Engineer,Protochain Research,"New York, NY"
0,data scientist,7.0,13.0,4.0,Sr. Data Scientist (NLP),MCKESSON,Texas
1,data scientist,9.0,27.0,2.0,Sr Dir Data Science & Analytics,Northwestern Mutual,"Milwaukee, WI"
2,data scientist,3.0,7.0,0.0,Data Scientist Senior,CHRISTUS Health,"Irving, TX"
3,data scientist,,,0.0,"Director, Global Demand Data Scientist Lead","7Z4 Pfizer, Inc.",Anywhere
4,data scientist,8.0,1.0,11.0,Data Scientist,John Deere,Anywhere
5,data scientist,1.0,18.0,17.0,Data Scientist,Trustees of University of Pennsylvania,Anywhere
6,data scientist,4.0,11.0,0.0,Pre Sales Data Scientist,Explorium,United States
7,data scientist,,19.0,0.0,ESG Data Scientist,CBRE,"Dallas, TX"
8,data scientist,,1.0,1.0,Data Scientist,Mars,"Chicago, IL"
9,data scientist,14.0,,2.0,Data Scientist,Parsons Corporation,"Colorado Springs, CO"
0,natural language processing,11.0,19.0,13.0,Data Scientist - Natural Language Processing (remote),MultiPlan Inc.,Anywhere
1,natural language processing,14.0,8.0,8.0,Data Scientist - Natural Language Processing (REMOTE),Government Employees Insurance Company - GEICO,"Chevy Chase, MD"
2,natural language processing,,2.0,0.0,"Natural Language Processing and Data Analytics Manager (New York, NY)",CEDENT,"New York, NY"
3,natural language processing,2.0,2.0,0.0,Natural Language Processing (NLP) Engineer,Upwork,Anywhere
4,natural language processing,10.0,9.0,3.0,"Senior AI/ML Ops Engineer, Deep Learning for Natural Language...",Covera Health,"New York, NY"
5,natural language processing,4.0,6.0,0.0,Natural Language Processing Scientist,MetaMetrics Inc,United States
6,natural language processing,5.0,8.0,0.0,Natural Language Processing Engineer​/PhD,FuseMachines,"Montreal, MO"
7,natural language processing,15.0,7.0,10.0,Data Scientist (NLP - Natural Language Processing),Authenticx,Anywhere
8,natural language processing,7.0,,5.0,"ISE, Input Experience - Software Engineer in Natural Language...",Apple,"Cupertino, CA"
9,natural language processing,3.0,6.0,0.0,"AI Technology and Systems, Artificial Intelligence Researcher...",MIT Lincoln Laboratory,"Lexington, MA"
0,reinforcement learning,7.0,5.0,2.0,Staff Machine Learning Software Engineer - Behavior Planning,Aurora Innovation,"Seattle, WA"
1,reinforcement learning,7.0,8.0,15.0,"Senior Machine Learning Engineer (Modeling), Risk",Block,"San Francisco, CA"
2,reinforcement learning,5.0,2.0,5.0,NLP Researcher-Reinforcement Learning Algorithms,Tencent Americas,Washington
3,reinforcement learning,8.0,5.0,1.0,Sr. Software Engineer II/ Sr Machine Learning Engineer,Staples,Texas   (+5 others)
4,reinforcement learning,8.0,11.0,0.0,Senior AI Scientist - Machine Learning for Biologics Engineering,10001252 - AI Science Specialist,"Waltham, MA"
5,reinforcement learning,,2.0,0.0,Research Intern - Machine Learning,Microsoft,"Redmond, WA"
6,reinforcement learning,11.0,4.0,0.0,Senior Machine Learning and Perception Engineer,Teradyne,"North Reading, MA"
7,reinforcement learning,9.0,,0.0,Machine Learning Internship,Got It AI,"Palo Alto, CA"
8,reinforcement learning,5.0,9.0,4.0,Hewlett Packard Labs - Machine Learning Research Scientist...,HPE1US,"Milpitas, CA"
9,reinforcement learning,11.0,3.0,4.0,Hewlett Packard Labs - Machine Learning Research Associate Intern,Hewlett Packard Enterprise,"Milpitas, CA"
0,neural networks,,,0.0,we need an expert to consult on the GNNs (graph neural networks...,Upwork,Anywhere
1,neural networks,3.0,,0.0,Deep Neural Network Standalone Device,Upwork,Anywhere
2,neural networks,,,0.0,Query-Based Abstractive Summarization Using Neural Networks,Upwork,Anywhere
3,neural networks,2.0,4.0,2.0,Deep Learning Expert Wanted,Upwork,Anywhere
4,neural networks,1.0,1.0,0.0,Graph neural networks professional or academic for 3d data,Upwork,Anywhere
5,neural networks,1.0,,0.0,Need an expert to consult on GNNs (graph neural networks),Upwork,Anywhere
6,neural networks,,,0.0,Neural Network (20266) - Contract to Hire,Upwork,Anywhere
7,neural networks,,,0.0,Train a neural network model using a specific knowledge database...,Upwork,Anywhere
8,neural networks,4.0,5.0,0.0,"Help to build custom AI based on Real-Time NEAT, Machine Learning...",Upwork,Anywhere
9,neural networks,2.0,1.0,0.0,Python Algorithm for Convolution Neural network - Contract to Hire,Upwork,Anywhere
0,big data and cloud computing,18.0,9.0,0.0,"Cloud Design Engineer 2 (Baltimore, MD)",Orion Consortium,"Crownsville, MD"
1,big data and cloud computing,18.0,1.0,0.0,Senior Big Data / Web Services Engineer,SSI,"Boston, MA"
2,big data and cloud computing,9.0,7.0,0.0,Data Cloud Architect - GSI Partners,Snowflake Computing,"San Mateo, CA"
3,big data and cloud computing,19.0,13.0,0.0,Cloud Software Engineer,Base-2 Solutions,Maryland
4,big data and cloud computing,10.0,8.0,10.0,"Enterprise -  Senior Cloud Software Engineer - NiFi, JavaScript, Node","Erias Ventures, LLC","Annapolis Junction, MD"
5,big data and cloud computing,3.0,3.0,2.0,Cloud Software Engineer 2 - Security Clearance Required,Raytheon Technologies,"Annapolis, MD"
6,big data and cloud computing,7.0,1.0,1.0,Sr Big Data Consultant - Nationwide opportunities,"Amazon Web Services, Inc.","San Francisco, CA"
7,big data and cloud computing,11.0,8.0,0.0,Cloud Software Engineer HYBRID,Limitless Talent Solutions,"Catonsville, MD"
8,big data and cloud computing,19.0,13.0,0.0,Cloud Software Engineer,"Base-2 Solutions, LLC","Annapolis Junction, MD"
9,big data and cloud computing,19.0,5.0,0.0,"Cloud Software Engineer Level 3 (Baltimore, MD)",IntelliGenesis LLC,"Columbia, MD"
0,data analyst,3.0,7.0,2.0,Master Data Analyst,Cargill,"Olathe, KS"
1,data analyst,7.0,10.0,0.0,Data Analyst,Rectangle Health,Anywhere
2,data analyst,12.0,9.0,7.0,Senior Data Analyst,Tendo Systems,Anywhere
3,data analyst,,,0.0,Senior Data Analyst,Walmart,"Bentonville, AR"
4,data analyst,6.0,6.0,0.0,Data Analyst,Robert Half,United States
5,data analyst,1.0,8.0,1.0,Provider Data Management Analyst II,Corporate,Missouri
6,data analyst,10.0,8.0,3.0,Business Data Analyst,Aurora Solar,United States
7,data analyst,9.0,3.0,3.0,"Analyst III, Technology Operations (Data Analyst)",Walmart,"Rogers, AR"
8,data analyst,14.0,12.0,0.0,Encounters Data Analyst III,CareSource,United States
9,data analyst,10.0,5.0,2.0,District Data Analyst,Nebraska State Government,"Beatrice, NE"
0,machine learning,12.0,8.0,5.0,Principal Machine Learning Engineer,Informatica,"Redwood City, CA"
1,machine learning,10.0,9.0,7.0,Principal Machine Learning Engineer (Remote),ServiceTitan,Anywhere
2,machine learning,,,0.0,Machine Learning Infrastructure Engineer,Snap Inc.,Anywhere
3,machine learning,10.0,2.0,1.0,Machine Learning Technical Support,Johns Hopkins Applied Physics Laboratory,"Laurel, MD"
4,machine learning,6.0,2.0,0.0,Staff Machine Learning Engineer,Iterative Health,Anywhere
5,machine learning,15.0,13.0,1.0,"Manager, Product Management - Data Insights, Machine Learning",Capital One - US,"Plano, TX"
6,machine learning,6.0,2.0,6.0,"Staff Machine Learning Engineer (San Francisco, CA or Remote)",Iterative Health,Anywhere
7,machine learning,4.0,13.0,3.0,Machine Learning Engineer,Oak Ridge National Laboratory,"Oak Ridge, TN"
8,machine learning,8.0,8.0,0.0,Principal Machine Learning Scientist,Barrington James,"San Francisco, CA"
9,machine learning,4.0,9.0,0.0,Lead Data Engineer-Machine Learning,Wells Fargo,"Irving, TX  (+1 other)"
0,machine learning,16.0,23.0,5.0,Machine Learning Engineer III,Expedia Group,"Seattle, WA"
1,machine learning,2.0,5.0,4.0,"Senior AI Scientist, Artificial Intelligence/Machine Learning",Genentech,"Bolinas, CA"
2,machine learning,9.0,,5.0,"AIML - Staff Machine Learning Engineer, Data & ML Innovation",Apple,"Cupertino, CA"
3,machine learning,7.0,6.0,1.0,"Software Engineer, Machine Learning - Generative AI",Facebook,"New York, NY"
4,machine learning,5.0,5.0,4.0,"Principal Machine Learning Engineer, New Initiatives (Remote)",Dropbox,Anywhere
5,machine learning,9.0,,7.0,Senior Machine Learning Engineer- Pricing Strategy  ( 100% Remote),Hopper,"Boston, MA"
6,machine learning,12.0,7.0,6.0,"Data Science Tech Lead, Machine Learning",DoorDash,"San Francisco, CA"
7,machine learning,13.0,9.0,10.0,Lead Machine Learning Engineer,Tala,Anywhere
8,machine learning,7.0,11.0,7.0,"Lead Software Engineer, Machine Learning Platform",Chime,"San Francisco, CA"
9,machine learning,13.0,2.0,3.0,"Solutions Architect, AI Specialist",2100 NVIDIA USA,Anywhere
0,data analyst,1.0,8.0,1.0,Provider Data Management Analyst II,Corporate,Missouri
1,data analyst,10.0,5.0,2.0,District Data Analyst,Nebraska State Government,"Beatrice, NE"
2,data analyst,10.0,11.0,1.0,Staff Data Analyst - Data Ventures,Walmart,"Bentonville, AR"
3,data analyst,3.0,12.0,1.0,Biostatistician / Data Analyst,Oklahoma Medical Research Foundation (OMRF),"Oklahoma City, OK"
4,data analyst,5.0,15.0,2.0,Data Loss Prevention Data Analyst,Ford Motor Company,Anywhere
5,data analyst,,3.0,0.0,Machine Learning Expert/ Data Analyst needed for a uni project,Upwork,Anywhere
6,data analyst,7.0,18.0,0.0,"Sr. Data Analyst, Marketing Operations",Cox Enterprises,United States   (+26 others)
7,data analyst,1.0,7.0,1.0,"HR Data & Technology Analyst, Associate",The Rector & Visitors of the University of Virginia,Anywhere
8,data analyst,,,0.0,Data Analyst/Drilling Engineering Technician,Airswift,"Oklahoma City, OK"
9,data analyst,8.0,1.0,1.0,Data Analyst,American Technology Consulting - ATC,United States
0,big data and cloud computing,11.0,8.0,1.0,Cloud Software Engineer (Hybrid),PerunHR,"Catonsville, MD"
1,big data and cloud computing,15.0,18.0,9.0,Big Data Architect,Triumph Tech,United States
2,big data and cloud computing,13.0,9.0,2.0,"Technical Support Engineer (L5) - Data Platform, Big Data / Analytics",Netflix,"Los Gatos, CA"
3,big data and cloud computing,11.0,,0.0,Big Data Engineer,Kanini,"Dearing, KS"
4,big data and cloud computing,11.0,4.0,0.0,Big Data Architect,Open Systems Technologies,"New York, NY"
5,big data and cloud computing,25.0,9.0,8.0,Cloud Design Engineer,Castaway Research,"Annapolis Junction, MD"
6,big data and cloud computing,25.0,8.0,1.0,65 Cloud Design Engineer 2 - Security Clearance Required,Arsiem Corporation,"Annapolis Junction, MD"
7,big data and cloud computing,24.0,7.0,0.0,Cloud Software Engineer Jobs,ManTech International,"Hanover, MD"
8,big data and cloud computing,22.0,6.0,8.0,IC12CSWE3 - Sr. Level Cloud Software Engineer - Cleared,NiSUS Technologies Corporation,"Annapolis Junction, MD"
9,big data and cloud computing,14.0,11.0,2.0,Cloud Software Engineer -TS/SCI with Poly,CACI,"Fort Meade, MD"
0,natural language processing,5.0,6.0,3.0,Research Scientist in Biomedical Natural Language Processing and...,Oak Ridge National Laboratory,"Oak Ridge, TN"
1,natural language processing,11.0,7.0,0.0,Natural language processing (NLP) / Artificial Intelligence (AI...,ASK Staffing,"South San Francisco, CA"
2,natural language processing,9.0,8.0,2.0,Senior Natural Language Processing Researcher,Leidos,"Arlington, VA"
3,natural language processing,11.0,15.0,0.0,Natural language processing (NLP) / Artificial Intelligence (AI...,TalentBurst,"South San Francisco, CA"
4,natural language processing,10.0,,0.0,Natural Language Processing Expert (NLP) - Fort Meade Area,Morfologica,"Fort Meade, MD"
5,natural language processing,15.0,7.0,3.0,Health Natural Language Processing Research Specialist,University of Michigan,"Ann Arbor, MI"
6,natural language processing,7.0,,5.0,"ISE, Input Experience - Software Engineer in Natural Language...",Apple,"Cupertino, CA"
7,natural language processing,6.0,1.0,4.0,Research Associate  in Natural Language Processing - Now Hiring,SRI International,"San Diego, CA"
8,natural language processing,11.0,12.0,7.0,Data Scientist - Natural Language Processing (NLP),Federal Reserve Bank (FRB),"Dallas, TX"
9,natural language processing,,,0.0,Research Intern - Deep Learning & Natural Language Processing,Microsoft,"Redmond, WA"
0,block chain,3.0,6.0,0.0,Blockchain Course Instructor,Blockchain Institute of Technology,Anywhere
1,block chain,8.0,12.0,0.0,Blockchain Developer - Contract to Hire,Upwork,Anywhere
2,block chain,10.0,9.0,2.0,Blockchain Engineer,21.co,"New York, NY"
3,block chain,2.0,2.0,0.0,Block Chain - Technical Architect,W3Global,Anywhere
4,block chain,1.0,5.0,1.0,"Senior Principal, Product Manager (Technical, Blockchain/Digital...",BNY Mellon,"New York, NY"
5,block chain,,,0.0,Senior Blockchain Developer - Remote,Unstoppable Domains,Anywhere
6,block chain,14.0,8.0,4.0,Blockchain SecOps Engineer (US Remote),Axelar,Anywhere
7,block chain,13.0,10.0,0.0,Blockchain Security Lead,EigenLabs,"Seattle, WA"
8,block chain,2.0,6.0,0.0,DeFi Blockchain Co-Founder,Cryptops Exchange,Anywhere
9,block chain,7.0,8.0,0.0,Blockchain Analyst,Crypto.com,"Miami, FL"
0,reinforcement learning,5.0,4.0,2.0,Staff Data Scientist | Reinforcement Learning,Walmart Global Tech,"Sunnyvale, CA"
1,reinforcement learning,5.0,5.0,8.0,"Research Scientist, Machine Learning",OpenAI,"San Francisco, CA"
2,reinforcement learning,9.0,15.0,0.0,Machine Learning Developer (Remote),Vertex Inc.,Anywhere
3,reinforcement learning,,3.0,0.0,python or Matlab developer to help develop a deep reinforcement...,Upwork,Anywhere
4,reinforcement learning,16.0,11.0,7.0,Applied Machine Learning Engineer,LLNL,"Livermore, CA"
5,reinforcement learning,7.0,6.0,3.0,Senior Machine Learning Engineer - Ads (Remote),Quora,Anywhere
6,reinforcement learning,,1.0,0.0,Research Intern – Reinforcement Learning,Microsoft,"Berkeley, CA"
7,reinforcement learning,3.0,13.0,3.0,"Research Scientist, AI and Machine Learning at the Edge",Oak Ridge National Laboratory,"Oak Ridge, TN"
8,reinforcement learning,10.0,3.0,12.0,Machine Learning Scientist,Arena AI,"New York, NY"
9,reinforcement learning,16.0,23.0,7.0,"A/AI Machine Learning Engineer / Littleton, CO",Lockheed Martin,"Littleton, CO"
0,neural networks,5.0,,5.0,Senior Software Engineer (Python / Deep Neural Networks),Jobot,"Atlanta, GA"
1,neural networks,10.0,7.0,7.0,"Machine Learning Engineer, Jr-Mid level, Design Deep Learning...",Riccione Resources,Anywhere
2,neural networks,7.0,10.0,7.0,Deep Learning Engineer,Matroid,"Palo Alto, CA"
3,neural networks,,1.0,0.0,Implementing Recurrent Neural Networks,Upwork,Anywhere
4,neural networks,9.0,8.0,1.0,Machine Learning Research Engineer,Peraton,"Silver Spring, MD"
5,neural networks,5.0,,0.0,Deep learning/Machine Learning developers,Netra,"Boston, MA"
6,neural networks,9.0,4.0,5.0,"AIML -Hardware Engineer, Neural Acceleration",Apple,"Seattle, WA"
7,neural networks,5.0,,5.0,Senior Software Engineer (Python / Deep Neural Networks),Jobot,Anywhere
8,neural networks,1.0,,0.0,Expert in Xgboost/ Random Forest/ Neural Network required for a...,Upwork,Anywhere
9,neural networks,21.0,14.0,0.0,Software Engineer - AI Machine Learning,Harsco Corporation,"West Columbia, SC"
0,deep learning,16.0,4.0,3.0,Senior Deep Learning Tools Developer,Nvidia Corporation,"Santa Clara, CA"
1,deep learning,7.0,8.0,4.0,Senior Autonomy Engineer - Deep Learning,Skydio,"San Mateo, CA"
2,deep learning,14.0,6.0,0.0,Sr. Deep Learning Engineer,Imagry,"San Jose, CA"
3,deep learning,12.0,8.0,5.0,Principal Machine Learning Engineer,Informatica,"Redwood City, CA"
4,deep learning,8.0,10.0,7.0,Deep Learning Engineer,WayUp,"Palo Alto, CA"
5,deep learning,6.0,2.0,6.0,"Staff Machine Learning Engineer (San Francisco, CA or Remote)",Iterative Health,Anywhere
6,deep learning,,3.0,0.0,Sr. Deep Learning Engineer,Imagry,"San Jose, CA"
7,deep learning,8.0,4.0,0.0,Engineering Technical Writer - Simulink Deep Learning,MathWorks,"Natick, MA"
8,deep learning,3.0,,0.0,Deep Learning Image Analysis Scientist - Now Hiring,"Liberty Personnel Services, Inc","Trenton, NJ"
9,deep learning,12.0,7.0,7.0,Deep Learning Engineer,EnsoData,"Madison, WI"
0,data scientist,15.0,2.0,1.0,"Data Scientist - Ads Measurement - Chicago, IL",Walmart,"Schererville, IN"
1,data scientist,8.0,12.0,4.0,Data Scientist - Bioinformatics,MD Anderson,"Houston, TX"
2,data scientist,25.0,17.0,3.0,Lead Data Scientist,SPECTRUM,"Colorado Springs, CO"
3,data scientist,8.0,10.0,11.0,Data Scientist - Credit Risk,Cottonwood Financial,"Irving, TX"
4,data scientist,11.0,9.0,3.0,Data Scientist/Biostatistician,Peraton,Anywhere
5,data scientist,6.0,1.0,0.0,Data Scientist,Darwin Recruitment Switzerland,"Chicago, IL"
6,data scientist,8.0,16.0,10.0,"Staff Data Scientist, Ad Formats & Optimization Analytics (Remote)",Reddit,Anywhere
7,data scientist,,16.0,0.0,Senior Data Scientist (Hybrid),"Globe Life, Inc",United States
8,data scientist,8.0,4.0,0.0,Data Scientist Intern,6sense,"Austin, TX"
9,data scientist,,4.0,0.0,Senior Data Scientist,NextEra Energy,"St Paul, MN"
0,data scientist,13.0,17.0,4.0,Senior Data Scientist - Model Owner,PNC,"Downers Grove, IL   (+12 others)"
1,data scientist,8.0,8.0,0.0,Data Scientist,Robert Half,Anywhere
2,data scientist,18.0,14.0,0.0,Data Scientist,Love's Travel Stops,"Oklahoma City, OK"
3,data scientist,6.0,8.0,9.0,"Lead Data Scientist, Credit",Dave Inc.,United States
4,data scientist,19.0,17.0,0.0,Lead Data Scientist,Health Care Service Corporation,"Chicago, IL"
5,data scientist,3.0,7.0,0.0,Data Scientist Senior,CHRISTUS Health,"Irving, TX"
6,data scientist,16.0,8.0,3.0,"Senior Data Scientist, Applied Methods",CoreLogic,Anywhere
7,data scientist,11.0,16.0,0.0,"Senior Data Scientist - QuantumBlack - Growth, Marketing & Sales",McKinsey & Company,United States   (+21 others)
8,data scientist,10.0,14.0,2.0,Lead Data Scientist - 1st Shift,GXO Logistics,"Clayton, IN"
9,data scientist,12.0,10.0,8.0,Principal Data Scientist,Curriculum Associates,United States
0,time series,5.0,,1.0,Data Scientist (Time Series Analysis and Forecasting) at Experfy...,Experfy,"Westborough, MA"
1,time series,11.0,12.0,0.0,Time Series Analyst,Planet Pharma,"South San Francisco, CA"
2,time series,8.0,10.0,1.0,Ionosphere Phase Estimation for InSAR Time Series Analyses,NASA Jet Propulsion Laboratory California Institut,"Pasadena, CA"
3,time series,16.0,12.0,1.0,Sr. Data Scientist (Time Series Forecasting for Advanced IoT...,"Caterpillar, Inc","Chicago, IL"
4,time series,,7.0,0.0,Business Analyst (Time Series Modeling),Upwork,Anywhere
5,time series,,4.0,0.0,Simulate simple Mathematical model for nonlinear dynamical time...,Upwork,Anywhere
6,time series,1.0,5.0,0.0,Timseseries ML Expert,Upwork,Anywhere
0,deep learning,8.0,10.0,7.0,Deep Learning Engineer,WayUp,"Palo Alto, CA"
1,deep learning,7.0,6.0,1.0,"Software Engineer, Machine Learning - Generative AI",Facebook,"New York, NY"
2,deep learning,,5.0,4.0,"Senior AI Scientist, Perturbation Biology (Artificial...",Genentech,"South San Francisco, CA"
3,deep learning,6.0,1.0,0.0,Deep Learning Engineer,The Phoenix Group,"Teaneck, NJ"
4,deep learning,12.0,7.0,7.0,Deep Learning Engineer,EnsoData,"Madison, WI"
5,deep learning,8.0,2.0,2.0,Deep Learning Researcher,Topaz Labs,"Dallas, TX"
6,deep learning,15.0,,1.0,AI and Machine Learning (ML) Performance Engineer,SynergisticIT,"Boerne, TX"
7,deep learning,10.0,9.0,3.0,"Senior AI/ML Ops Engineer, Deep Learning for Natural Language...",Covera Health,"New York, NY"
8,deep learning,,,0.0,Research Intern - Deep Learning & Natural Language Processing,Microsoft,"Redmond, WA"
9,deep learning,15.0,7.0,6.0,Machine Learning Engineer,Booz Allen Hamilton,"Suffolk, VA"
0,big data and cloud computing,3.0,3.0,2.0,Cloud Software Engineer 2 - Security Clearance Required,Raytheon Technologies,"Annapolis, MD"
1,big data and cloud computing,12.0,8.0,0.0,Cloud Software Engineer,WayUp,"Washington, DC"
2,big data and cloud computing,25.0,24.0,0.0,Senior Cloud Solutions Architect Secret Clearance,inforeliance,"Washington, DC"
3,big data and cloud computing,16.0,7.0,3.0,Cloud Design Engineer,Novetta,"Annapolis Junction, MD"
4,big data and cloud computing,1.0,2.0,1.0,Sr. SDE,Amazon.com Services LLC,"Palo Alto, CA"
5,big data and cloud computing,5.0,11.0,0.0,Technical Lead/Architect (Big data Lead with GCP),Zortech Solutions,"San Francisco, CA"
6,big data and cloud computing,11.0,8.0,0.0,Cloud Software Engineer HYBRID,Limitless Talent Solutions,"Catonsville, MD"
7,big data and cloud computing,3.0,8.0,0.0,Java Springboot Cloud developer,HexaQuest Global,"Weehawken, NJ"
8,big data and cloud computing,17.0,11.0,17.0,Cloud Software Engineer 3,"Avid Technology Professionals, LLC","Annapolis, MD"
9,big data and cloud computing,20.0,10.0,1.0,Cloud Design Engr (CDE2)- TS/SCI with Poly,CACI,"Annapolis Junction, MD"
0,neural networks,2.0,2.0,0.0,Need Consulting on Training a (DEEP) Neural Network and...,Upwork,Anywhere
1,neural networks,16.0,,5.0,Machine Learning Software Engineer,Owl Autonomous Imaging,New York
2,neural networks,10.0,6.0,1.0,Sr. Algorithm Engineer - ML/NN Research expertise,Certified Employment Group,"Santa Clara, CA"
3,neural networks,7.0,4.0,21.0,"Machine Learning Scientist, Autopilot AI",Tesla,"Palo Alto, CA"
4,neural networks,3.0,2.0,0.0,Train a DEEP Neural Network (e.g. transformer) to back-engineer...,Upwork,Anywhere
5,neural networks,6.0,7.0,2.0,"Machine Learning Engineer, Graph Intelligence",Robinhood,"Menlo Park, CA"
6,neural networks,,,0.0,Masterarbeit zu physics-informed neural networks für die Auslegung...,Bosch Group LLC,"Ruston, LA"
7,neural networks,,,0.0,Neural Network to predict future forex prices using optimised with...,Upwork,Anywhere
8,neural networks,2.0,,0.0,Building Artificial Neural Networks + Computational intelligence...,Upwork,Anywhere
9,neural networks,6.0,6.0,2.0,"AI/ML - Deep Learning Software Engineer, CoreML, Machine Learning...",Apple,"Seattle, WA"
0,reinforcement learning,8.0,5.0,0.0,AI Research Scientist- Reinforcement Learning and Multi-Agent...,jpmc/CX_1001,"New York, NY"
1,reinforcement learning,11.0,7.0,0.0,Machine Learning Engineer,Armorblox,Anywhere
2,reinforcement learning,6.0,4.0,12.0,Software Engineer (Machine Learning),Anyscale,"San Francisco, CA"
3,reinforcement learning,9.0,6.0,5.0,"Artificial Intelligence Research Scientist, Reinforcement Learning...",JPMorgan Chase,"New York, NY"
4,reinforcement learning,14.0,4.0,4.0,Machine Learning Engineer Jobs,Booz Allen Hamilton,"Bethesda, MD"
5,reinforcement learning,,1.0,0.0,Need a Reinforcement Learning Model that optimises time spent in a...,Upwork,Anywhere
6,reinforcement learning,5.0,3.0,6.0,"Machine Learning Engineer, Planning - SPG",Apple,"Cupertino, CA"
7,reinforcement learning,15.0,16.0,0.0,Machine Learning Engineer,Unify Consulting,"Kirkland, WA"
8,reinforcement learning,,,0.0,Machine Learning Engineer,Shaped,"New York, NY"
9,reinforcement learning,7.0,8.0,2.0,Machine Learning Engineer Intern,Fortinet,"Sunnyvale, CA"
0,machine learning,,,0.0,Machine Learning Internship,Got It,"Palo Alto, CA"
1,machine learning,9.0,7.0,3.0,Senior Machine Learning Engineer - Data Automation,Bloomberg,"New York, NY"
2,machine learning,12.0,14.0,0.0,"Lead, Software Engineer- Machine Learning/Artificial Intelligence",L3Harris Technologies,"Plano, TX"
3,machine learning,6.0,6.0,3.0,"Senior Data Engineer, Machine Learning",Harnham,"San Francisco, CA"
4,machine learning,,,0.0,Principal Machine Learning Engineer at Cision in Remote,Cision,"Boulder, CO"
5,machine learning,6.0,6.0,0.0,Machine Learning Data Scientist,Cyrad Solutions LLC,"Bethesda, MD"
6,machine learning,8.0,11.0,3.0,Staff Machine Learning Engineer - Staff Data Scientist,Walmart,"Mesquite, TX"
7,machine learning,,3.0,2.0,"Senior Technical Program Manager II, Machine Learning, Google Cloud",Google,"New York, NY   (+2 others)"
8,machine learning,10.0,4.0,4.0,Machine Learning Scientist – NLP - Vice President - Machine...,JPMorgan Chase,"New York, NY"
9,machine learning,10.0,10.0,6.0,Applied Machine Learning Scientist,Grainger,"Chicago, IL"
0,data analyst,,,0.0,"Data Analyst, Internal Audit",CO0001 The New York Times Company,Anywhere
1,data analyst,9.0,16.0,0.0,Data Analyst,ASK Staffing,"Bentonville, AR"
2,data analyst,13.0,15.0,6.0,Data Analyst,ICF,"Topeka, KS"
3,data analyst,15.0,3.0,4.0,Data Analyst,Invitae,Anywhere
4,data analyst,9.0,13.0,0.0,IT Data Analyst II,Lucet (New Directions Behavioral Health),United States
5,data analyst,8.0,30.0,5.0,Data Analyst 3 - Loyalty Analytics - Remote,Nordstrom,Anywhere
6,data analyst,1.0,12.0,6.0,HR Data Analyst,Michael Page,Anywhere
7,data analyst,1.0,8.0,11.0,Financial Data Analyst,Children's Hospital Association,"Lenexa, KS"
8,data analyst,6.0,8.0,1.0,Data Analyst - Reporting and Analytics,"Scratch Financial, Inc.",United States
9,data analyst,13.0,20.0,1.0,Lab Data Analyst,State of Oklahoma,"Oklahoma City, OK"
0,neural networks,4.0,2.0,0.0,Adjunct - Neural Networks and Deep Learning - Cohort Traditional...,Grand Canyon University,"Phoenix, AZ"
1,neural networks,2.0,9.0,2.0,Python Engineer - Computer Vision / Neural Network,Braintrust,"San Francisco, CA"
2,neural networks,7.0,5.0,3.0,System-2 Deep Learning and Neural Reasoning Researcher,Qualcomm,"San Diego, CA"
3,neural networks,5.0,2.0,0.0,Neural Network Scientist,Wolfram,"Champaign, IL"
4,neural networks,15.0,3.0,4.0,Physics-Informed Neural Networks Researcher,OriGen.AI,"New York, NY"
5,neural networks,,3.0,0.0,Expert on Graph Neural Networks applied to Social Media Analysis,Upwork,Anywhere
6,neural networks,14.0,7.0,3.0,PhD position in Deep Neural Networks with Dempster Shafer Theory,Université d'Artois / LGI2A,"Bethune, SC"
7,neural networks,1.0,10.0,0.0,Python Engineer - Computer Vision / Neural Network (Remote),Keyo,Anywhere
8,neural networks,10.0,6.0,1.0,Postdoctoral Machine Learning Systems Engineer,DATA FUSION & NEURAL NETWORKS,Anywhere
9,neural networks,3.0,4.0,2.0,Software engineer (Machine Learning/Computer Vision/Neural...,Cadence Design Systems,"San Jose, CA"
0,reinforcement learning,1.0,20.0,0.0,Data Scientist II - Reinforcement Learning (remote),"MultiPlan, Inc","Atlanta, GA"
1,reinforcement learning,9.0,6.0,0.0,Reinforcement Learning Researcher (Washington DC),STR,"Washington, DC"
2,reinforcement learning,5.0,6.0,0.0,Machine Learning Scientist Internship - Reinforcement Learning,Coursera Sourcing,"Mountain View, CA"
3,reinforcement learning,,,0.0,"Senior Manager, Data Science - Reinforcement Learning (Remote)",Home Depot / THD,Anywhere
4,reinforcement learning,11.0,20.0,13.0,Data Scientist II - Reinforcement Learning (remote),MultiPlan,Anywhere
5,reinforcement learning,12.0,14.0,1.0,Lead Reinforcement Learning Engineer,Samson Rose,Anywhere
6,reinforcement learning,10.0,4.0,8.0,Reinforcement Learning Software Engineer,MathWorks,"Southborough, MA"
7,reinforcement learning,,,0.0,"Senior Manager, Data Science - Reinforcement Learning (Remote)",The Home Depot,United States
8,reinforcement learning,8.0,4.0,0.0,Machine Learning Engineer: Deep Reinforcement Learning,Primordial Labs,Anywhere
9,reinforcement learning,1.0,,0.0,Post Doc Researcher - Machine Learning and Reinforcement Learning...,Microsoft,"New York, NY"
0,data scientist,5.0,31.0,0.0,(USA) Data Scientist,Walmart,"Bentonville, AR"
1,data scientist,5.0,18.0,0.0,Data Scientist II,University of Wisconsin-Madison,"Madison, WI"
2,data scientist,10.0,4.0,4.0,Data Scientist,Booz Allen Hamilton,United States
3,data scientist,11.0,8.0,4.0,Data Scientist - All Levels,FedEx,United States
4,data scientist,3.0,13.0,3.0,Data Scientist/ Sr. Data Scientist,Colgate-Palmolive Company,"Topeka, KS"
5,data scientist,,,0.0,Data Scientist/Senior Data Scientist (Data Management) (STADS),International Monetary Fund,Anywhere
6,data scientist,7.0,13.0,16.0,Data Scientist II (1),Caterpillar,"Illinois City, IL"
7,data scientist,6.0,11.0,10.0,Data Scientist,Abbott Laboratories,"Austin, TX"
8,data scientist,,,0.0,Data Scientist,Northwestern University,"Evanston, IL"
9,data scientist,,14.0,0.0,Senior Principal Data Scientist,Walgreens,"Deerfield, IL"
0,deep learning,6.0,4.0,10.0,Machine Learning Engineer/Scientist,Unlearn.AI,"Boston, MA  (+1 other)"
1,deep learning,,,0.0,Senior machine learning engineer needed for technical interview,Upwork,Anywhere
2,deep learning,1.0,4.0,0.0,Post-Doctoral Associate in Statistical Genetics/Omics/Imaging and...,University of Minnesota,"St Paul, MN"
3,deep learning,6.0,6.0,4.0,Machine Learning Engineer at PathAI in Remote,PathAI,"Cary, NC"
4,deep learning,13.0,5.0,5.0,Machine Learning Engineer (Remote),Curai,California
5,deep learning,6.0,1.0,0.0,Deep Learning Engineer,The Phoenix Group,"Teaneck, NJ"
6,deep learning,8.0,11.0,10.0,Sales Engineer - Deep Learning,Neural Magic,"Somerville, MA"
7,deep learning,6.0,5.0,8.0,"Deep Learning Research Engineer, 3D Computer Vision - SPG",Apple,"Cupertino, CA"
8,deep learning,17.0,1.0,2.0,Senior AI/ML Engineer - Sequence Learning,GSK,"San Francisco, CA"
9,deep learning,5.0,4.0,0.0,Director of Artificial Intelligence and Machine Learning (AI/ML...,Armis Industries,Anywhere
0,deep learning,5.0,4.0,0.0,Director of Artificial Intelligence and Machine Learning (AI/ML...,Armis Industries,Anywhere
1,deep learning,8.0,4.0,2.0,2023 Intern - Machine Learning Engineer,Adobe,"San Jose, CA"
2,deep learning,17.0,10.0,9.0,A/AI Machine Learning Engineer Senior Jobs,Lockheed Martin,"Littleton, CO"
3,deep learning,3.0,3.0,1.0,Deep Learning Support Engineer (Remote) at AssemblyAI in San...,AssemblyAI,"San Francisco, CA"
4,deep learning,7.0,5.0,0.0,Sr / Staff Research Scientist- Deep Learning & Computer Vision.,Deeproute.ai,"Fremont, CA"
5,deep learning,6.0,5.0,4.0,"AI Scientist, Deep Learning",Absci,Anywhere
6,deep learning,9.0,,0.0,Computer Vision & Deep Learning Research Scientist,MoTek Technologies,"Mountain View, CA"
7,deep learning,8.0,4.0,2.0,"Staff Machine Learning Engineer - NLP, LLM, Deep-Learning",Eightfold AI,"Santa Clara, CA"
8,deep learning,13.0,2.0,3.0,"Solutions Architect, AI Specialist",2100 NVIDIA USA,Anywhere
9,deep learning,12.0,5.0,1.0,Machine Learning Engineer,Kitware,United States  (+1 other)
0,block chain,7.0,8.0,0.0,Blockchain Analyst,Crypto.com,"Miami, FL"
1,block chain,6.0,4.0,0.0,Blockchain Developer for NFT Website Development,Upwork,Anywhere
2,block chain,5.0,7.0,0.0,Blockchain Technology Instructor,University of California Los Angeles,"Los Angeles, CA"
3,block chain,27.0,3.0,1.0,Blockchain Technical Expert,Swift,"Manassas, VA"
4,block chain,5.0,5.0,5.0,Blockchain Technical Support (BNB Chain),Binance,United States
5,block chain,4.0,3.0,0.0,Software Engineer - Blockchain Security,ZetaChain,Anywhere
6,block chain,10.0,9.0,2.0,Blockchain Engineer,21.co,Anywhere
7,block chain,5.0,12.0,0.0,Senior Product Manager (Blockchain),"Trac Technologies, Inc.","Los Angeles, CA"
8,block chain,8.0,7.0,10.0,"Blockchain Engineer Intern, CBDC (Summer 2023)",Ripple,United States  (+1 other)
9,block chain,7.0,7.0,0.0,Blockchain Engineer,Resource 1,"Chicago, IL"
0,data scientist,9.0,7.0,4.0,Bioinformatics Data Scientist,LandOLakes,"Arden Hills, MN"
1,data scientist,10.0,21.0,0.0,Data Scientist,"Global IDEAS, Michigan State University",United States
2,data scientist,14.0,9.0,0.0,Senor Data Scientist,Blue Cross Blue Shield of Minnesota,"Eagan, MN"
3,data scientist,11.0,6.0,0.0,"Data Scientist II, Associate",AbbVie,"North Chicago, IL"
4,data scientist,8.0,8.0,14.0,Senior Data Scientist,Sam's Club,"Bentonville, AR"
5,data scientist,11.0,6.0,0.0,"Data Scientist II, Associate",ABBVIE,Illinois
6,data scientist,15.0,2.0,1.0,"Data Scientist - Ads Measurement - Chicago, IL",Walmart,"Schererville, IN"
7,data scientist,1.0,2.0,2.0,Data Scientist,ISSAC LLC,"Huntsville, AL"
8,data scientist,8.0,10.0,11.0,Data Scientist - Credit Risk,Cottonwood Financial,"Irving, TX"
9,data scientist,8.0,16.0,10.0,"Staff Data Scientist, Ad Formats & Optimization Analytics (Remote)",Reddit,Anywhere
0,natural language processing,6.0,1.0,4.0,Research Associate  in Natural Language Processing - Now Hiring,SRI International,"Menlo Park, CA"
1,natural language processing,10.0,4.0,0.0,Audit & Assurance - Machine Learning & Natural Language Processing...,Deloitte,"Princeton, NJ"
2,natural language processing,3.0,3.0,0.0,"Research Scientist, Natural Language Processing and Responsible AI",Facebook,"New York, NY"
3,natural language processing,12.0,3.0,1.0,Technical Leader - Natural Language Processing (NLP),Kitware,"Arlington, TX"
4,natural language processing,11.0,5.0,4.0,"Lead Research Scientist, Natural Language Processing",Snap Inc.,"Los Angeles, CA"
5,natural language processing,6.0,,0.0,Machine Learning Engineer – Natural Language Processing ...,MoTek Technologies,"San Francisco, CA"
6,natural language processing,12.0,2.0,0.0,"Software Engineer, Natural Language Processing – Cambridge,MA",Kovasys,"Cambridge, MA"
7,natural language processing,7.0,9.0,0.0,"Data Scientist, Natural Language Processing",Dana–Farber Cancer Institute,Anywhere
8,natural language processing,2.0,20.0,0.0,Data Scientist - Natural Language Processing remote,MultiPlan,"Atlanta, GA"
9,natural language processing,7.0,2.0,1.0,Assistant Research Professor - Machine Learning and Natural...,Johns Hopkins University,"Baltimore, MD"
0,reinforcement learning,4.0,5.0,6.0,"Machine Learning Engineer, Framework (Planning) - SPG",Apple,"Cupertino, CA"
1,reinforcement learning,4.0,6.0,0.0,Research Scientist in Reinforcement Learning,InstaDeep Ltd,"Boston, MA"
2,reinforcement learning,2.0,3.0,0.0,Applied Large Language Models and Reinforcement Learning Engineer,SommerAI,Anywhere
3,reinforcement learning,1.0,1.0,5.0,Research Intern - Reinforcement Learning MSRNYC,Microsoft Corporation,"New York, NY"
4,reinforcement learning,,,0.0,Expert in Deep Reinforcement Learning needed,Upwork,Anywhere
5,reinforcement learning,4.0,10.0,3.0,Machine Learning Data Engineer,Oak Ridge National Laboratory,"Oak Ridge, TN"
6,reinforcement learning,4.0,6.0,0.0,Research Scientist in Reinforcement Learning,InstaDeep,Anywhere
7,reinforcement learning,9.0,2.0,5.0,"Machine Learning Lead, Creativity Apps",Apple,"New York, NY"
8,reinforcement learning,6.0,8.0,5.0,Machine Learning Engineer (Remote),Generally Intelligent,Anywhere
9,reinforcement learning,5.0,4.0,2.0,Staff Data Scientist | Reinforcement Learning,Walmart Global Tech,"Sunnyvale, CA"
0,neural networks,11.0,4.0,0.0,"Physical Therapist, Neural Network Research",UCLA Health Systems,"Los Angeles, CA"
1,neural networks,17.0,4.0,0.0,Senior Systems Software Engineer (DeepSparse Engine),Neural Magic,"Somerville, MA"
2,neural networks,5.0,,5.0,Senior Software Engineer (Python / Deep Neural Networks),Jobot,"New York, NY"
3,neural networks,14.0,3.0,0.0,"HPC Software Engineer, DeepSparse Engine",Neural Magic,"Somerville, MA"
4,neural networks,7.0,9.0,0.0,"Senior Product Manager, Gaming-Web3 (AI/Neural Networks)",Three Pillars Recruiting,"Los Angeles, CA"
5,neural networks,9.0,1.0,0.0,Neuromorphic AI Engineer,"Gen Nine, Inc.","Covington, KY"
6,neural networks,,1.0,0.0,"ML Architecture design, neural networks and diagrams - Contract to...",Upwork,Anywhere
7,neural networks,9.0,,5.0,Deep Learning Engineer,Apple,"Cupertino, CA"
8,neural networks,8.0,3.0,0.0,"Machine Learning Engineer – Neural Network Optimization, Autopilot AI",Tesla,"Palo Alto, CA"
9,neural networks,6.0,7.0,4.0,"ML Engineer, Deep Learning & NLP",Forethought,"San Francisco, CA"
0,natural language processing,8.0,3.0,0.0,Machine Learning Engineer/ Data Scientist- NLP 2023 Summer Intern...,Supportiv,"Irvine, CA"
1,natural language processing,8.0,7.0,0.0,Data Scientist II - Natural Language Processing (NLP),Bank of America,"Charlotte, NC"
2,natural language processing,11.0,5.0,4.0,"Lead Research Scientist, Natural Language Processing",Snap Inc.,"Los Angeles, CA"
3,natural language processing,8.0,3.0,0.0,Machine Learning Engineer/ Data Scientist- NLP 2023 Summer Intern...,Supportiv,"Columbus, OH"
4,natural language processing,7.0,2.0,1.0,Assistant Research Professor - Machine Learning and Natural...,Johns Hopkins University,"Baltimore, MD"
5,natural language processing,,1.0,0.0,Spanish Natural Language Processing Dialog Engineer - Watson Orders,IBM Careers,"Mountain View, CA"
6,natural language processing,8.0,1.0,0.0,Natural Language Processing Scientist (NLP),"Westbourne Quantitative Trading, Technology & Research","Chicago, IL"
7,natural language processing,18.0,9.0,0.0,NLP (natural language processing) Analyst - India Remote,Degreed,"Pleasanton, CA"
8,natural language processing,9.0,8.0,2.0,Senior Natural Language Processing Researcher,Leidos,"Herndon, VA"
9,natural language processing,6.0,2.0,5.0,Senior Natural Language Processing Researcher,Tencent Americas,"Seattle, WA"
0,deep learning,,,0.0,Senior machine learning engineer needed for technical interview,Upwork,Anywhere
1,deep learning,14.0,7.0,0.0,Sr. Deep Learning Optimization Engineer,Rivian,California
2,deep learning,6.0,4.0,0.0,Machine Learning Engineer,mozee,Anywhere
3,deep learning,12.0,2.0,0.0,JUNIOR AND SENIOR DEEP LEARNING ENGINEERS,Innopeak Tech Inc,"Palo Alto, CA"
4,deep learning,8.0,9.0,0.0,"(Senior) Scientist, Deep Learning",Flagship Pioneering,"Cambridge, MA"
5,deep learning,15.0,16.0,1.0,Machine Learning Engineer,Unify Consulting,"San Francisco, CA"
6,deep learning,22.0,14.0,3.0,Technical Product Owner - Deep Learning,Premier System,"Lincolnshire, IL"
7,deep learning,6.0,6.0,0.0,Summer 2023 Intern - Machine Learning (Masters/PhD),Ansys,"San Jose, CA"
8,deep learning,8.0,6.0,10.0,"Senior Deep Learning Researcher, Speech",AssemblyAI,Anywhere
9,deep learning,9.0,8.0,6.0,Machine Learning Engineer,RIOS Intelligent Machines,"Menlo Park, CA"
0,block chain,8.0,7.0,0.0,Backend Blockchain Developer - Staked,Kraken Digital Asset Exchange,Anywhere
1,block chain,9.0,12.0,11.0,Blockchain Engineer,Jump Crypto,"Chicago, IL"
2,block chain,12.0,8.0,0.0,Sr Blockchain Engineer/Blockchain Engineer/Smart Contract Engineer,VIMworld,Anywhere
3,block chain,5.0,5.0,9.0,Senior Software Engineer - Blockchain Network (100% Remote),Jobot,Anywhere
4,block chain,12.0,6.0,2.0,Sr. Decentralized Systems Engineer - Blockchain,"BloKchain Talent, LLC","Sausalito, CA"
5,block chain,9.0,27.0,3.0,Blockchain & Digital Assets Senior,Deloitte,"Las Vegas, NV"
6,block chain,3.0,1.0,4.0,Software Development Manager - Amazon Managed Blockchain (AMB...,"Amazon Dev Center U.S., Inc.","Boulder, CO"
7,block chain,8.0,5.0,4.0,Social Media Marketing (Blockchain/Crypto),Bitquery,Anywhere
8,block chain,6.0,6.0,6.0,"Infrastructure Engineer, Blockchain",OAK Network,Anywhere
9,block chain,14.0,4.0,2.0,UX/UI Designer I,Fox Corporation,"Austin, TX"
0,machine learning,12.0,8.0,6.0,Applied Machine Learning - Postdoctoral Researcher Jobs,Lawrence Livermore National Laboratory,"Livermore, CA"
1,machine learning,12.0,2.0,0.0,AI Machine Learning Scientist,Saxon Global Inc,"Chicago, IL"
2,machine learning,4.0,,0.0,Computer Vision/Machine Learning Engineer (FT),Edgetensor Technologies,"Dallas, TX"
3,machine learning,16.0,23.0,5.0,Machine Learning Engineer III,Expedia Group,"Seattle, WA"
4,machine learning,,5.0,4.0,"Senior AI Scientist, Perturbation Biology (Artificial...",Genentech,"South San Francisco, CA"
5,machine learning,8.0,4.0,0.0,Machine Learning Engineer,Technical Link,"Santa Clara, CA"
6,machine learning,2.0,6.0,0.0,Data Extraction Program with OCR and Machine Learning,Upwork,Anywhere
7,machine learning,10.0,2.0,1.0,Machine Learning Technical Support,Johns Hopkins Applied Physics Laboratory,"Laurel, MD"
8,machine learning,9.0,6.0,3.0,Machine Learning Infrastructure Engineer,Warner Bros. Discovery,"Culver City, CA"
9,machine learning,10.0,9.0,0.0,Machine Learning Researcher,STR,"Woburn, MA"
0,data analyst,7.0,8.0,7.0,"Sr. Data Analyst, Electric Vehicles",WEX,Anywhere
1,data analyst,10.0,15.0,1.0,Supplier Diversity Data Analyst - Remote,Corporate,Missouri  (+1 other)
2,data analyst,13.0,17.0,1.0,Reconciliation Data Analyst II,InComm Payments,United States
3,data analyst,7.0,18.0,0.0,"Sr. Data Analyst, Marketing Operations",Cox Enterprises,United States   (+26 others)
4,data analyst,10.0,7.0,6.0,Data Analyst,"Atmosfy, Inc",Anywhere
5,data analyst,8.0,12.0,12.0,Data Analyst,Life.Church,"Edmond, OK"
6,data analyst,10.0,5.0,2.0,Senior Data Analyst (eDiscovery Manager),Walmart,"Bentonville, AR"
7,data analyst,22.0,13.0,0.0,Data Analyst II,Lockton Companies,"Kansas City, MO"
8,data analyst,12.0,8.0,4.0,Data Analyst Advisor,FedEx,United States
9,data analyst,,,0.0,Data Analyst/Drilling Engineering Technician,Airswift,"Oklahoma City, OK"
0,big data and cloud computing,25.0,8.0,1.0,65 Cloud Design Engineer 2,ARSIEM,"Annapolis Junction, MD"
1,big data and cloud computing,18.0,13.0,1.0,Cloud Design Engineer (TS/SCI + Poly) - Security Clearance Required,The DarkStar Group,"Annapolis Junction, MD"
2,big data and cloud computing,16.0,7.0,0.0,Data Architect,Applied Information Sciences,"Reston, VA"
3,big data and cloud computing,15.0,8.0,7.0,"Data Cloud Engineer, Senior",Booz Allen Hamilton,"Chantilly, VA"
4,big data and cloud computing,18.0,22.0,1.0,"Data Architect, Big Data, Cloud Technologies",Elevance Health,"Chicago, IL"
5,big data and cloud computing,27.0,8.0,1.0,248 Cloud Software Engineer 3 - Security Clearance Required,Arsiem Corporation,"Annapolis Junction, MD"
6,big data and cloud computing,10.0,1.0,10.0,"Cybersecurity - Cloud Software Engineer - Hadoop, Big Data","Erias Ventures, LLC","Annapolis Junction, MD"
7,big data and cloud computing,15.0,11.0,0.0,Big Data Architect,Johnson Technology Systems Inc.,"Washington, DC"
8,big data and cloud computing,16.0,20.0,0.0,Scrum Master/Business Analyst (Cloud computing / Data integration),Trigyn,"White Plains, NY"
9,big data and cloud computing,4.0,15.0,0.0,Cloud Design Engineer 2 - Security Clearance Required,Raytheon Technologies,"Annapolis, MD"
0,big data and cloud computing,,3.0,2.0,"Sales Engineer, Data Analytics, Google Cloud",Google,"Salt Lake City, UT"
1,big data and cloud computing,2.0,,1.0,John Deere (Cloud & Big Data Engineer)_2022.06,Full Stack Resources,"Moline, IL"
2,big data and cloud computing,4.0,8.0,0.0,"Cloud Consultant, Big Data and Analytics, Google Cloud",Google,"Reston, VA"
3,big data and cloud computing,10.0,13.0,4.0,"Lead Software Engineer, Cloud and Big Data",JPMorgan Chase,"Wilmington, DE"
4,big data and cloud computing,12.0,25.0,1.0,"Data Architect, Big Data, Cloud Technologies",Elevance Health,"Atlanta, GA"
5,big data and cloud computing,4.0,9.0,2.0,"Sales Engineer, Data Analytics, Google Cloud",Google Inc.,"Salt Lake City, UT"
6,big data and cloud computing,,5.0,2.0,"Customer Engineer, Data Analytics, Google Cloud",Google,United States  (+1 other)
7,big data and cloud computing,1.0,12.0,2.0,Cloud Support Engineer I - Big Data,"Amazon Web Services, Inc.","Salt Lake City, UT"
8,big data and cloud computing,25.0,8.0,1.0,65 Cloud Design Engineer 2,ARSIEM,"Annapolis Junction, MD"
9,big data and cloud computing,17.0,9.0,0.0,Big Data Cloud Architect,Tephra Inc.,"Edison, NJ"
0,data analyst,19.0,14.0,0.0,Senior Data Analyst,apree health,United States
1,data analyst,8.0,,1.0,Data Analyst | Business Intelligence Report Developer,Robert Half,"Olathe, KS"
2,data analyst,8.0,7.0,1.0,Data analyst pension,Aon,United States
3,data analyst,3.0,11.0,1.0,Data Analyst II - Now Hiring,Superior HealthPlan,"Roxton, TX"
4,data analyst,,,0.0,Sales Data Analyst,Elsevier Inc. Company,Anywhere
5,data analyst,3.0,10.0,1.0,Data Analyst II,Cenetene Corporation,"Jefferson City, MO"
6,data analyst,,,0.0,Data Analyst,Aon Careers,United States
7,data analyst,14.0,10.0,1.0,Account Data Analyst,Amerit Fleet Solutions,United States
8,data analyst,,3.0,0.0,Machine Learning Expert/ Data Analyst needed for a uni project,Upwork,Anywhere
9,data analyst,8.0,2.0,0.0,Business / Data analyst,Virtue Group,Anywhere
0,machine learning,,,0.0,Senior machine learning engineer needed for technical interview,Upwork,Anywhere
1,machine learning,8.0,1.0,5.0,Senior Machine Learning Engineer,Encipher Technology,Texas
2,machine learning,8.0,11.0,3.0,Staff Machine Learning Engineer - Staff Data Scientist,Walmart,"Mesquite, TX"
3,machine learning,8.0,5.0,7.0,Machine Learning Engineer,Covariant,"Emeryville, CA"
4,machine learning,17.0,6.0,3.0,Machine Learning Engineer,JR Software Solutions,Anywhere
5,machine learning,14.0,7.0,6.0,Machine Learning Engineer,Booz Allen Hamilton,United States
6,machine learning,9.0,8.0,6.0,Machine Learning Engineer,RIOS Intelligent Machines,"Menlo Park, CA"
7,machine learning,17.0,10.0,9.0,A/AI Machine Learning Engineer Senior Jobs,Lockheed Martin,"Littleton, CO"
8,machine learning,12.0,2.0,2.0,Senior Machine Learning Engineer - Cell State Modeling - US,GSK,"Cambridge, MA"
9,machine learning,5.0,12.0,7.0,Senior Machine Learning Engineer - Emerging Technologies,General Electric,"Grand Rapids, MI"
0,block chain,9.0,4.0,0.0,Full Stack Blockchain Engineer,Snickerdoodle Labs,"San Jose, CA"
1,block chain,10.0,8.0,3.0,Senior Blockchain Research Analyst,Analog,"San Francisco, CA"
2,block chain,9.0,4.0,1.0,"Principal Software Engineer, Wallet Blockchain",Fidelity Investments Careers,"Durham, NC"
3,block chain,5.0,3.0,0.0,"Blockchain Engineer,  Smart Contract",VC-Backed Metaverse Startup,Anywhere
4,block chain,17.0,7.0,2.0,Blockchain Engineer,Blockdaemon,Anywhere
5,block chain,3.0,6.0,9.0,"Software Engineer, Blockchain Core (Remote)",Aptos,Anywhere
6,block chain,8.0,7.0,0.0,Backend Blockchain Developer - Staked,Kraken Digital Asset Exchange,Anywhere
7,block chain,3.0,1.0,4.0,Software Development Manager - Amazon Managed Blockchain (AMB...,"Amazon Dev Center U.S., Inc.","Boulder, CO"
8,block chain,8.0,5.0,4.0,Social Media Marketing (Blockchain/Crypto),Bitquery,Anywhere
9,block chain,2.0,8.0,0.0,Blockchain Operations - Technical Analyst,Chainlink Labs,Anywhere
0,natural language processing,15.0,7.0,10.0,Data Scientist (NLP - Natural Language Processing),Authenticx,Anywhere
1,natural language processing,5.0,4.0,0.0,Spanish Natural Language Processing Dialog Engineer,IBM Corporation,"Sacramento, CA"
2,natural language processing,3.0,9.0,0.0,Natural Language Processing Engineer,"Brain Technologies, Inc.","San Mateo, CA"
3,natural language processing,8.0,3.0,0.0,Machine Learning Engineer/ Data Scientist- NLP 2023 Summer Intern...,Supportiv,"San Jose, CA"
4,natural language processing,3.0,6.0,0.0,"AI Technology and Systems, Artificial Intelligence Researcher...",MIT Lincoln Laboratory,"Lexington, MA"
5,natural language processing,8.0,3.0,0.0,Machine Learning Engineer/ Data Scientist- NLP 2023 Summer Intern...,Supportiv,"Chicago, IL"
6,natural language processing,4.0,2.0,4.0,Post-Doc Researcher for Natural Language Processing,Robert Bosch,"Sunnyvale, CA"
7,natural language processing,12.0,3.0,1.0,Technical Leader - Natural Language Processing (NLP),Kitware,"Minneapolis, MN"
8,natural language processing,11.0,5.0,4.0,"Lead Research Scientist, Natural Language Processing",Snap Inc.,"Los Angeles, CA"
9,natural language processing,6.0,1.0,4.0,Research Associate  in Natural Language Processing - Now Hiring,SRI International,"Menlo Park, CA"
